2026-02-13 11:13:06,414 - ExcelTool - INFO - main.py:18 - 程序启动
2026-02-13 11:16:01,202 - src.controllers.main_controller - ERROR - main_controller.py:28 - 合并任务失败
Traceback (most recent call last):
  File "D:\Workspace\ExcelTool\src\controllers\main_controller.py", line 23, in run
    result = ExcelMergeWorker.merge_files(
        self.file_list, self.output_path, self.merge_type
    )
  File "D:\Workspace\ExcelTool\src\models\excel_worker.py", line 40, in merge_files
    result.to_excel(output_path, index=False)
    ~~~~~~~~~~~~~~~^^^^^^^^^^^^^^^^^^^^^^^^^^
  File "C:\Users\86546\AppData\Local\Programs\Python\Python314\Lib\site-packages\pandas\core\generic.py", line 2312, in to_excel
    formatter.write(
    ~~~~~~~~~~~~~~~^
        excel_writer,
        ^^^^^^^^^^^^^
    ...<6 lines>...
        engine_kwargs=engine_kwargs,
        ^^^^^^^^^^^^^^^^^^^^^^^^^^^^
    )
    ^
  File "C:\Users\86546\AppData\Local\Programs\Python\Python314\Lib\site-packages\pandas\io\formats\excel.py", line 1003, in write
    writer = ExcelWriter(
        writer,
    ...<2 lines>...
        engine_kwargs=engine_kwargs,
    )
  File "C:\Users\86546\AppData\Local\Programs\Python\Python314\Lib\site-packages\pandas\io\excel\_openpyxl.py", line 62, in __init__
    super().__init__(
    ~~~~~~~~~~~~~~~~^
        path,
        ^^^^^
    ...<3 lines>...
        engine_kwargs=engine_kwargs,
        ^^^^^^^^^^^^^^^^^^^^^^^^^^^^
    )
    ^
  File "C:\Users\86546\AppData\Local\Programs\Python\Python314\Lib\site-packages\pandas\io\excel\_base.py", line 1281, in __init__
    self._handles = get_handle(
                    ~~~~~~~~~~^
        path, mode, storage_options=storage_options, is_text=False
        ^^^^^^^^^^^^^^^^^^^^^^^^^^^^^^^^^^^^^^^^^^^^^^^^^^^^^^^^^^
    )
    ^
  File "C:\Users\86546\AppData\Local\Programs\Python\Python314\Lib\site-packages\pandas\io\common.py", line 935, in get_handle
    handle = open(handle, ioargs.mode)
PermissionError: [Errno 13] Permission denied: 'C:/Users/86546/Desktop/demo1.xlsx'
2026-02-13 11:17:34,844 - src.models.excel_worker - INFO - excel_worker.py:41 - 文件合并成功，保存至: C:/Users/86546/Desktop/合并文件.xlsx
2026-02-13 11:23:55,097 - ExcelTool - INFO - main.py:18 - 程序启动
2026-02-13 11:24:49,490 - ExcelTool - INFO - main.py:18 - 程序启动
2026-02-13 11:25:34,048 - ExcelTool - INFO - main.py:18 - 程序启动
2026-02-13 11:26:29,736 - ExcelTool - INFO - main.py:18 - 程序启动
2026-02-13 11:33:43,913 - ExcelTool - INFO - main.py:18 - 程序启动
2026-02-13 11:34:22,422 - ExcelTool - INFO - main.py:18 - 程序启动
2026-02-13 12:08:24,365 - ExcelTool - INFO - main.py:18 - 程序启动
2026-02-13 12:11:14,141 - ExcelTool - INFO - main.py:18 - 程序启动
2026-02-13 12:16:18,802 - ExcelTool - INFO - main.py:18 - 程序启动
2026-02-13 12:21:23,967 - ExcelTool - INFO - main.py:18 - 程序启动
2026-02-13 12:21:44,370 - ExcelTool - INFO - main.py:18 - 程序启动
2026-02-13 12:22:04,753 - ExcelTool - INFO - main.py:18 - 程序启动
2026-02-13 12:24:56,622 - ExcelTool - INFO - main.py:18 - 程序启动
2026-02-13 13:36:58,386 - ExcelTool - INFO - main.py:18 - 程序启动
2026-02-13 13:41:47,364 - ExcelTool - INFO - main.py:18 - 程序启动
2026-02-13 13:42:23,799 - src.controllers.matcher_controller - ERROR - matcher_controller.py:37 - 匹配任务失败
Traceback (most recent call last):
  File "D:\Workspace\ExcelTool\src\controllers\matcher_controller.py", line 26, in run
    result = ExcelMatcher.match_and_merge(
        file_a=self.file_a,
    ...<5 lines>...
        output_path=self.output
    )
  File "D:\Workspace\ExcelTool\src\models\excel_matcher.py", line 56, in match_and_merge
    result = pd.merge(
        left, right,
    ...<3 lines>...
        suffixes=('', '_fromB')  # 如有重复列名自动添加后缀
    )
  File "C:\Users\86546\AppData\Local\Programs\Python\Python314\Lib\site-packages\pandas\core\reshape\merge.py", line 385, in merge
    op = _MergeOperation(
        left_df,
    ...<10 lines>...
        validate=validate,
    )
  File "C:\Users\86546\AppData\Local\Programs\Python\Python314\Lib\site-packages\pandas\core\reshape\merge.py", line 1018, in __init__
    ) = self._get_merge_keys()
        ~~~~~~~~~~~~~~~~~~~~^^
  File "C:\Users\86546\AppData\Local\Programs\Python\Python314\Lib\site-packages\pandas\core\reshape\merge.py", line 1620, in _get_merge_keys
    right_keys.append(right._get_label_or_level_values(rk))
                      ~~~~~~~~~~~~~~~~~~~~~~~~~~~~~~~~^^^^
  File "C:\Users\86546\AppData\Local\Programs\Python\Python314\Lib\site-packages\pandas\core\generic.py", line 1792, in _get_label_or_level_values
    raise ValueError(
        f"The {label_axis_name} label '{key}' is not unique.{multi_message}"
    )
ValueError: The column label '姓名' is not unique.
2026-02-13 13:43:10,766 - src.models.excel_matcher - INFO - excel_matcher.py:67 - 匹配合并完成，输出文件：C:/Users/86546/Desktop/匹配demo.xlsx
2026-02-13 13:44:56,044 - ExcelTool - INFO - main.py:18 - 程序启动
2026-02-13 13:46:01,559 - src.models.excel_matcher - INFO - excel_matcher.py:67 - 匹配合并完成，输出文件：C:/Users/86546/Desktop/新文件.xlsx
2026-02-13 14:02:50,872 - src.models.excel_matcher - INFO - excel_matcher.py:67 - 匹配合并完成，输出文件：C:/Users/86546/Desktop/新文件222.xlsx
2026-02-13 14:07:47,552 - src.models.excel_worker - INFO - excel_worker.py:41 - 文件合并成功，保存至: C:/Users/86546/Desktop/合并文件11.xlsx
2026-02-13 14:17:52,411 - ExcelTool - INFO - main.py:18 - 程序启动
2026-02-13 14:18:28,641 - src.models.excel_worker - INFO - excel_worker.py:41 - 文件合并成功，保存至: C:/Users/86546/Desktop/合并1231313.xlsx
2026-02-13 14:20:05,132 - src.models.excel_matcher - INFO - excel_matcher.py:67 - 匹配合并完成，输出文件：C:\Users\86546\Desktop\demo1_matched.xlsx
2026-02-13 14:20:33,980 - src.models.excel_matcher - INFO - excel_matcher.py:67 - 匹配合并完成，输出文件：C:/Users/86546/Desktop/demo1_matched111.xlsx
2026-02-13 14:21:01,468 - src.models.excel_matcher - INFO - excel_matcher.py:67 - 匹配合并完成，输出文件：C:/Users/86546/Desktop/demo1_matched2222.xlsx
2026-02-13 14:22:35,879 - src.models.excel_matcher - INFO - excel_matcher.py:67 - 匹配合并完成，输出文件：C:/Users/86546/Desktop/demo1_matched333.xlsx
2026-02-13 14:48:48,578 - ExcelTool - INFO - main.py:18 - 程序启动
2026-02-13 14:49:15,400 - ExcelTool - INFO - main.py:18 - 程序启动
2026-02-13 14:49:49,886 - ExcelTool - INFO - main.py:18 - 程序启动
2026-02-13 14:57:53,083 - src.models.excel_filter - WARNING - excel_filter.py:58 - 文件筛选后无数据: C:/Users/86546/Desktop/安吉公交山川乡场站充电记录_20260131.xlsx
2026-02-13 14:57:53,610 - src.models.excel_filter - WARNING - excel_filter.py:58 - 文件筛选后无数据: C:/Users/86546/Desktop/安吉公交鄣吴场站充电记录_20260131.xlsx
2026-02-13 14:57:53,783 - src.models.excel_filter - WARNING - excel_filter.py:58 - 文件筛选后无数据: C:/Users/86546/Desktop/双舍村场站充电记录_20260131.xlsx
2026-02-13 14:57:53,839 - src.models.excel_filter - WARNING - excel_filter.py:58 - 文件筛选后无数据: C:/Users/86546/Desktop/长林垓村场站充电记录_20260131.xlsx
2026-02-13 14:57:53,843 - src.controllers.filter_controller - ERROR - filter_controller.py:34 - 筛选任务失败
Traceback (most recent call last):
  File "D:\Workspace\ExcelTool\src\controllers\filter_controller.py", line 24, in run
    result = ExcelFilter.filter_and_export(
        file_paths=self.file_paths,
    ...<4 lines>...
        progress_callback=self.signals.progress.emit
    )
  File "D:\Workspace\ExcelTool\src\models\excel_filter.py", line 92, in filter_and_export
    writer.close()
    ~~~~~~~~~~~~^^
  File "C:\Users\86546\AppData\Local\Programs\Python\Python314\Lib\site-packages\pandas\io\excel\_base.py", line 1403, in close
    self._save()
    ~~~~~~~~~~^^
  File "C:\Users\86546\AppData\Local\Programs\Python\Python314\Lib\site-packages\pandas\io\excel\_openpyxl.py", line 111, in _save
    self.book.save(self._handles.handle)
    ~~~~~~~~~~~~~~^^^^^^^^^^^^^^^^^^^^^^
  File "C:\Users\86546\AppData\Local\Programs\Python\Python314\Lib\site-packages\openpyxl\workbook\workbook.py", line 386, in save
    save_workbook(self, filename)
    ~~~~~~~~~~~~~^^^^^^^^^^^^^^^^
  File "C:\Users\86546\AppData\Local\Programs\Python\Python314\Lib\site-packages\openpyxl\writer\excel.py", line 294, in save_workbook
    writer.save()
    ~~~~~~~~~~~^^
  File "C:\Users\86546\AppData\Local\Programs\Python\Python314\Lib\site-packages\openpyxl\writer\excel.py", line 275, in save
    self.write_data()
    ~~~~~~~~~~~~~~~^^
  File "C:\Users\86546\AppData\Local\Programs\Python\Python314\Lib\site-packages\openpyxl\writer\excel.py", line 89, in write_data
    archive.writestr(ARC_WORKBOOK, writer.write())
                                   ~~~~~~~~~~~~^^
  File "C:\Users\86546\AppData\Local\Programs\Python\Python314\Lib\site-packages\openpyxl\workbook\_writer.py", line 150, in write
    self.write_views()
    ~~~~~~~~~~~~~~~~^^
  File "C:\Users\86546\AppData\Local\Programs\Python\Python314\Lib\site-packages\openpyxl\workbook\_writer.py", line 137, in write_views
    active = get_active_sheet(self.wb)
  File "C:\Users\86546\AppData\Local\Programs\Python\Python314\Lib\site-packages\openpyxl\workbook\_writer.py", line 35, in get_active_sheet
    raise IndexError("At least one sheet must be visible")
IndexError: At least one sheet must be visible
2026-02-13 15:07:00,138 - ExcelTool - INFO - main.py:18 - 程序启动
2026-02-13 15:09:07,400 - src.models.excel_filter - WARNING - excel_filter.py:59 - 文件筛选后无数据: C:/Users/86546/Desktop/安吉公交山川乡场站充电记录_20260131.xlsx
2026-02-13 15:09:07,938 - src.models.excel_filter - WARNING - excel_filter.py:59 - 文件筛选后无数据: C:/Users/86546/Desktop/安吉公交鄣吴场站充电记录_20260131.xlsx
2026-02-13 15:09:08,134 - src.models.excel_filter - WARNING - excel_filter.py:59 - 文件筛选后无数据: C:/Users/86546/Desktop/双舍村场站充电记录_20260131.xlsx
2026-02-13 15:09:08,187 - src.models.excel_filter - WARNING - excel_filter.py:59 - 文件筛选后无数据: C:/Users/86546/Desktop/长林垓村场站充电记录_20260131.xlsx
2026-02-13 15:09:08,187 - src.models.excel_filter - WARNING - excel_filter.py:101 - 所有文件均无符合条件的数据，将创建一个空白工作表
2026-02-13 15:09:08,201 - src.models.excel_filter - INFO - excel_filter.py:106 - 筛选汇总完成，输出文件: C:/Users/86546/Desktop/公交场站账单.xlsx
2026-02-13 15:10:03,343 - src.controllers.filter_controller - ERROR - filter_controller.py:34 - 筛选任务失败
Traceback (most recent call last):
  File "D:\Workspace\ExcelTool\src\controllers\filter_controller.py", line 24, in run
    result = ExcelFilter.filter_and_export(
        file_paths=self.file_paths,
    ...<4 lines>...
        progress_callback=self.signals.progress.emit
    )
  File "D:\Workspace\ExcelTool\src\models\excel_filter.py", line 43, in filter_and_export
    writer = pd.ExcelWriter(output_path, engine='openpyxl')
  File "C:\Users\86546\AppData\Local\Programs\Python\Python314\Lib\site-packages\pandas\io\excel\_openpyxl.py", line 62, in __init__
    super().__init__(
    ~~~~~~~~~~~~~~~~^
        path,
        ^^^^^
    ...<3 lines>...
        engine_kwargs=engine_kwargs,
        ^^^^^^^^^^^^^^^^^^^^^^^^^^^^
    )
    ^
  File "C:\Users\86546\AppData\Local\Programs\Python\Python314\Lib\site-packages\pandas\io\excel\_base.py", line 1281, in __init__
    self._handles = get_handle(
                    ~~~~~~~~~~^
        path, mode, storage_options=storage_options, is_text=False
        ^^^^^^^^^^^^^^^^^^^^^^^^^^^^^^^^^^^^^^^^^^^^^^^^^^^^^^^^^^
    )
    ^
  File "C:\Users\86546\AppData\Local\Programs\Python\Python314\Lib\site-packages\pandas\io\common.py", line 935, in get_handle
    handle = open(handle, ioargs.mode)
PermissionError: [Errno 13] Permission denied: 'C:/Users/86546/Desktop/公交场站账单.xlsx'
2026-02-13 15:10:18,453 - src.models.excel_filter - WARNING - excel_filter.py:59 - 文件筛选后无数据: C:/Users/86546/Desktop/安吉公交山川乡场站充电记录_20260131.xlsx
2026-02-13 15:10:19,045 - src.models.excel_filter - INFO - excel_filter.py:87 - 已处理: C:/Users/86546/Desktop/安吉公交鄣吴场站充电记录_20260131.xlsx -> Sheet: 安吉公交鄣吴镇场站【公交】（内部使用）
2026-02-13 15:10:19,360 - src.models.excel_filter - INFO - excel_filter.py:87 - 已处理: C:/Users/86546/Desktop/双舍村场站充电记录_20260131.xlsx -> Sheet: 双舍村场站【公交】（内部使用）
2026-02-13 15:10:19,407 - src.models.excel_filter - WARNING - excel_filter.py:59 - 文件筛选后无数据: C:/Users/86546/Desktop/长林垓村场站充电记录_20260131.xlsx
2026-02-13 15:10:19,653 - src.models.excel_filter - INFO - excel_filter.py:106 - 筛选汇总完成，输出文件: C:/Users/86546/Desktop/公交场站账单.xlsx
2026-02-13 15:18:26,028 - ExcelTool - INFO - main.py:18 - 程序启动
2026-02-13 15:19:44,594 - src.models.excel_filter - WARNING - excel_filter.py:59 - 文件筛选后无数据: C:/Users/86546/Desktop/安吉公交山川乡场站充电记录_20260131.xlsx
2026-02-13 15:19:45,161 - src.models.excel_filter - INFO - excel_filter.py:104 - 已处理: C:/Users/86546/Desktop/安吉公交鄣吴场站充电记录_20260131.xlsx -> Sheet: 安吉公交鄣吴镇场站【公交】（内部使用）
2026-02-13 15:19:45,446 - src.models.excel_filter - INFO - excel_filter.py:104 - 已处理: C:/Users/86546/Desktop/双舍村场站充电记录_20260131.xlsx -> Sheet: 双舍村场站【公交】（内部使用）
2026-02-13 15:19:45,489 - src.models.excel_filter - WARNING - excel_filter.py:59 - 文件筛选后无数据: C:/Users/86546/Desktop/长林垓村场站充电记录_20260131.xlsx
2026-02-13 15:19:45,739 - src.models.excel_filter - INFO - excel_filter.py:123 - 筛选汇总完成，输出文件: C:/Users/86546/Desktop/公交场站数据1月.xlsx
2026-02-13 15:20:39,701 - ExcelTool - INFO - main.py:18 - 程序启动
2026-02-13 15:20:52,523 - ExcelTool - INFO - main.py:18 - 程序启动
2026-02-13 15:21:56,920 - src.models.excel_filter - WARNING - excel_filter.py:59 - 文件筛选后无数据: C:/Users/86546/Desktop/安吉公交山川乡场站充电记录_20260131.xlsx
2026-02-13 15:21:57,499 - src.models.excel_filter - INFO - excel_filter.py:104 - 已处理: C:/Users/86546/Desktop/安吉公交鄣吴场站充电记录_20260131.xlsx -> Sheet: 安吉公交鄣吴镇场站【公交】（内部使用）
2026-02-13 15:21:57,788 - src.models.excel_filter - INFO - excel_filter.py:104 - 已处理: C:/Users/86546/Desktop/双舍村场站充电记录_20260131.xlsx -> Sheet: 双舍村场站【公交】（内部使用）
2026-02-13 15:21:57,844 - src.models.excel_filter - WARNING - excel_filter.py:59 - 文件筛选后无数据: C:/Users/86546/Desktop/长林垓村场站充电记录_20260131.xlsx
2026-02-13 15:21:58,074 - src.models.excel_filter - INFO - excel_filter.py:123 - 筛选汇总完成，输出文件: C:/Users/86546/Desktop/公交场站数据1月.xlsx
2026-02-13 15:25:22,501 - src.models.excel_filter - INFO - excel_filter.py:104 - 已处理: C:/Users/86546/Desktop/安吉公交山川乡场站充电记录_20260131.xlsx -> Sheet: 安吉公交山川乡场站【公交】（内部使用）
2026-02-13 15:25:23,233 - src.models.excel_filter - INFO - excel_filter.py:104 - 已处理: C:/Users/86546/Desktop/安吉公交鄣吴场站充电记录_20260131.xlsx -> Sheet: 安吉公交鄣吴镇场站【公交】（内部使用）
2026-02-13 15:25:23,449 - src.models.excel_filter - INFO - excel_filter.py:104 - 已处理: C:/Users/86546/Desktop/双舍村场站充电记录_20260131.xlsx -> Sheet: 双舍村场站【公交】（内部使用）
2026-02-13 15:25:23,537 - src.models.excel_filter - INFO - excel_filter.py:104 - 已处理: C:/Users/86546/Desktop/长林垓村场站充电记录_20260131.xlsx -> Sheet: 长林垓村场站【公交】（内部使用）
2026-02-13 15:25:24,157 - src.models.excel_filter - INFO - excel_filter.py:123 - 筛选汇总完成，输出文件: C:/Users/86546/Desktop/公交账单111.xlsx
2026-02-13 15:59:00,980 - ExcelTool - INFO - main.py:18 - 程序启动
2026-02-13 15:59:27,446 - ExcelTool - INFO - main.py:18 - 程序启动
2026-02-13 15:59:55,381 - ExcelTool - INFO - main.py:18 - 程序启动
2026-02-13 16:01:46,218 - ExcelTool - INFO - main.py:18 - 程序启动
2026-02-13 16:07:44,362 - ExcelTool - INFO - main.py:18 - 程序启动
2026-02-13 16:09:09,392 - ExcelTool - INFO - main.py:18 - 程序启动
2026-02-13 16:11:37,402 - src.models.excel_filter - INFO - excel_filter.py:134 - 已处理: C:/Users/86546/Desktop/安吉公交山川乡场站充电记录_20260131.xlsx -> Sheet: 安吉公交山川乡场站【公交】（内部使用）
2026-02-13 16:11:38,238 - src.models.excel_filter - INFO - excel_filter.py:134 - 已处理: C:/Users/86546/Desktop/安吉公交鄣吴场站充电记录_20260131.xlsx -> Sheet: 安吉公交鄣吴镇场站【公交】（内部使用）
2026-02-13 16:11:38,530 - src.models.excel_filter - INFO - excel_filter.py:134 - 已处理: C:/Users/86546/Desktop/双舍村场站充电记录_20260131.xlsx -> Sheet: 双舍村场站【公交】（内部使用）
2026-02-13 16:11:38,590 - src.models.excel_filter - INFO - excel_filter.py:134 - 已处理: C:/Users/86546/Desktop/长林垓村场站充电记录_20260131.xlsx -> Sheet: 长林垓村场站【公交】（内部使用）
2026-02-13 16:11:39,386 - src.models.excel_filter - INFO - excel_filter.py:153 - 筛选汇总完成，输出文件: C:/Users/86546/Desktop/终极版久远公交账单.xlsx
2026-02-13 16:19:36,902 - ExcelTool - INFO - main.py:18 - 程序启动
2026-02-13 16:20:32,333 - src.models.excel_filter - INFO - excel_filter.py:134 - 已处理: C:/Users/86546/Desktop/安吉公交山川乡场站充电记录_20260131.xlsx -> Sheet: 安吉公交山川乡场站【公交】（内部使用）
2026-02-13 16:20:33,170 - src.models.excel_filter - INFO - excel_filter.py:134 - 已处理: C:/Users/86546/Desktop/安吉公交鄣吴场站充电记录_20260131.xlsx -> Sheet: 安吉公交鄣吴镇场站【公交】（内部使用）
2026-02-13 16:20:33,458 - src.models.excel_filter - INFO - excel_filter.py:134 - 已处理: C:/Users/86546/Desktop/双舍村场站充电记录_20260131.xlsx -> Sheet: 双舍村场站【公交】（内部使用）
2026-02-13 16:20:33,522 - src.models.excel_filter - INFO - excel_filter.py:134 - 已处理: C:/Users/86546/Desktop/长林垓村场站充电记录_20260131.xlsx -> Sheet: 长林垓村场站【公交】（内部使用）
2026-02-13 16:20:34,311 - src.models.excel_filter - INFO - excel_filter.py:153 - 筛选汇总完成，输出文件: C:/Users/86546/Desktop/生成测试.xlsx
2026-02-13 16:24:24,179 - src.models.excel_filter - INFO - excel_filter.py:134 - 已处理: C:/Users/86546/Desktop/安吉公交山川乡场站充电记录_20260131.xlsx -> Sheet: 安吉公交山川乡场站【公交】（内部使用）
2026-02-13 16:24:24,638 - src.models.excel_filter - INFO - excel_filter.py:134 - 已处理: C:/Users/86546/Desktop/安吉公交鄣吴场站充电记录_20260131.xlsx -> Sheet: 安吉公交鄣吴镇场站【公交】（内部使用）
2026-02-13 16:24:24,802 - src.models.excel_filter - INFO - excel_filter.py:134 - 已处理: C:/Users/86546/Desktop/双舍村场站充电记录_20260131.xlsx -> Sheet: 双舍村场站【公交】（内部使用）
2026-02-13 16:24:24,835 - src.models.excel_filter - INFO - excel_filter.py:134 - 已处理: C:/Users/86546/Desktop/长林垓村场站充电记录_20260131.xlsx -> Sheet: 长林垓村场站【公交】（内部使用）
2026-02-13 16:24:25,273 - src.models.excel_filter - INFO - excel_filter.py:153 - 筛选汇总完成，输出文件: C:/Users/86546/Desktop/生成测试222.xlsx
2026-02-13 16:26:42,889 - ExcelTool - INFO - main.py:18 - 程序启动
2026-02-13 16:27:33,548 - src.models.excel_filter - INFO - excel_filter.py:134 - 已处理: C:/Users/86546/Desktop/双舍村场站充电记录_20260131.xlsx -> Sheet: 双舍村场站【公交】（内部使用）
2026-02-13 16:27:33,731 - src.models.excel_filter - INFO - excel_filter.py:134 - 已处理: C:/Users/86546/Desktop/安吉公交山川乡场站充电记录_20260131.xlsx -> Sheet: 安吉公交山川乡场站【公交】（内部使用）
2026-02-13 16:27:34,164 - src.models.excel_filter - INFO - excel_filter.py:134 - 已处理: C:/Users/86546/Desktop/安吉公交鄣吴场站充电记录_20260131.xlsx -> Sheet: 安吉公交鄣吴镇场站【公交】（内部使用）
2026-02-13 16:27:34,590 - src.models.excel_filter - INFO - excel_filter.py:153 - 筛选汇总完成，输出文件: C:/Users/86546/Desktop/生成测试3333.xlsx
2026-02-13 16:39:52,711 - ExcelTool - INFO - main.py:18 - 程序启动
2026-02-13 16:40:35,856 - src.models.excel_filter - INFO - excel_filter.py:158 - 已处理: C:/Users/86546/Desktop/安吉公交山川乡场站充电记录_20260131.xlsx -> Sheet: 安吉公交山川乡场站【公交】（内部使用）
2026-02-13 16:40:36,298 - src.models.excel_filter - INFO - excel_filter.py:158 - 已处理: C:/Users/86546/Desktop/安吉公交鄣吴场站充电记录_20260131.xlsx -> Sheet: 安吉公交鄣吴镇场站【公交】（内部使用）
2026-02-13 16:40:36,467 - src.models.excel_filter - INFO - excel_filter.py:158 - 已处理: C:/Users/86546/Desktop/双舍村场站充电记录_20260131.xlsx -> Sheet: 双舍村场站【公交】（内部使用）
2026-02-13 16:40:36,498 - src.models.excel_filter - INFO - excel_filter.py:158 - 已处理: C:/Users/86546/Desktop/长林垓村场站充电记录_20260131.xlsx -> Sheet: 长林垓村场站【公交】（内部使用）
2026-02-13 16:40:36,954 - src.models.excel_filter - INFO - excel_filter.py:177 - 筛选汇总完成，输出文件: C:/Users/86546/Desktop/生成测试121313123123.xlsx
2026-02-13 16:44:27,396 - ExcelTool - INFO - main.py:18 - 程序启动
2026-02-13 16:45:03,843 - src.models.excel_filter - INFO - excel_filter.py:158 - 已处理: C:/Users/86546/Desktop/安吉公交山川乡场站充电记录_20260131.xlsx -> Sheet: 安吉公交山川乡场站【公交】（内部使用）
2026-02-13 16:45:04,274 - src.models.excel_filter - INFO - excel_filter.py:158 - 已处理: C:/Users/86546/Desktop/安吉公交鄣吴场站充电记录_20260131.xlsx -> Sheet: 安吉公交鄣吴镇场站【公交】（内部使用）
2026-02-13 16:45:04,624 - src.models.excel_filter - INFO - excel_filter.py:177 - 筛选汇总完成，输出文件: C:/Users/86546/Desktop/测试一下下啦.xlsx
2026-02-13 16:47:01,146 - src.models.excel_filter - INFO - excel_filter.py:158 - 已处理: C:/Users/86546/Desktop/双舍村场站充电记录_20260131.xlsx -> Sheet: 双舍村场站【公交】（内部使用）
2026-02-13 16:47:01,180 - src.models.excel_filter - INFO - excel_filter.py:158 - 已处理: C:/Users/86546/Desktop/长林垓村场站充电记录_20260131.xlsx -> Sheet: 长林垓村场站【公交】（内部使用）
2026-02-13 16:47:01,281 - src.models.excel_filter - INFO - excel_filter.py:177 - 筛选汇总完成，输出文件: C:/Users/86546/Desktop/测试一下下啦11111.xlsx
2026-02-13 16:48:32,354 - ExcelTool - INFO - main.py:18 - 程序启动
2026-02-13 16:49:55,502 - src.models.excel_filter - WARNING - excel_filter.py:113 - 文件筛选后无数据: C:/Users/86546/Desktop/安吉公交山川乡场站充电记录_20260131.xlsx
2026-02-13 16:49:55,825 - src.models.excel_filter - INFO - excel_filter.py:158 - 已处理: C:/Users/86546/Desktop/安吉公交鄣吴场站充电记录_20260131.xlsx -> Sheet: 安吉公交鄣吴镇场站【公交】（内部使用）
2026-02-13 16:49:55,983 - src.models.excel_filter - INFO - excel_filter.py:158 - 已处理: C:/Users/86546/Desktop/双舍村场站充电记录_20260131.xlsx -> Sheet: 双舍村场站【公交】（内部使用）
2026-02-13 16:49:56,006 - src.models.excel_filter - WARNING - excel_filter.py:113 - 文件筛选后无数据: C:/Users/86546/Desktop/长林垓村场站充电记录_20260131.xlsx
2026-02-13 16:49:56,141 - src.models.excel_filter - INFO - excel_filter.py:177 - 筛选汇总完成，输出文件: C:/Users/86546/Desktop/原来版本生成.xlsx
2026-02-21 09:20:22,605 - ExcelTool - INFO - main.py:18 - 程序启动
2026-02-21 09:23:29,119 - src.models.excel_filter - INFO - excel_filter.py:161 - 已处理: D:/Workspace/ExcelTool/测试数据/安吉公交山川乡场站充电记录_20260131.xlsx -> Sheet: 安吉公交山川乡场站【公交】（内部使用）
2026-02-21 09:23:29,898 - src.models.excel_filter - INFO - excel_filter.py:161 - 已处理: D:/Workspace/ExcelTool/测试数据/安吉公交鄣吴场站充电记录_20260131.xlsx -> Sheet: 安吉公交鄣吴镇场站【公交】（内部使用）
2026-02-21 09:23:30,186 - src.models.excel_filter - INFO - excel_filter.py:161 - 已处理: D:/Workspace/ExcelTool/测试数据/双舍村场站充电记录_20260131.xlsx -> Sheet: 双舍村场站【公交】（内部使用）
2026-02-21 09:23:30,239 - src.models.excel_filter - INFO - excel_filter.py:161 - 已处理: D:/Workspace/ExcelTool/测试数据/长林垓村场站充电记录_20260131.xlsx -> Sheet: 长林垓村场站【公交】（内部使用）
2026-02-21 09:23:30,975 - src.models.excel_filter - INFO - excel_filter.py:186 - ExcelWriter 已关闭，文件保存至: D:/Workspace/ExcelTool/测试数据/demo1.xlsx
2026-02-21 09:37:53,774 - ExcelTool - INFO - main.py:18 - 程序启动
2026-02-21 09:38:55,296 - src.models.excel_filter - ERROR - excel_filter.py:62 - 加载匹配文件失败: 'method' object is not subscriptable
2026-02-21 09:38:55,297 - src.models.excel_filter - ERROR - excel_filter.py:155 - 数据写入过程中发生异常
Traceback (most recent call last):
  File "D:\Workspace\ExcelTool\src\models\excel_filter.py", line 57, in filter_and_export
    match_config['match_file'],
    ~~~~~~~~~~~~^^^^^^^^^^^^^^
TypeError: 'method' object is not subscriptable

During handling of the above exception, another exception occurred:

Traceback (most recent call last):
  File "D:\Workspace\ExcelTool\src\models\excel_filter.py", line 63, in filter_and_export
    raise ValueError(f"匹配文件处理失败: {e}")
ValueError: 匹配文件处理失败: 'method' object is not subscriptable
2026-02-21 09:38:55,306 - src.models.excel_filter - ERROR - excel_filter.py:164 - 关闭 ExcelWriter 时出错: At least one sheet must be visible
2026-02-21 09:38:55,306 - src.controllers.filter_controller - ERROR - filter_controller.py:36 - 筛选任务失败
Traceback (most recent call last):
  File "D:\Workspace\ExcelTool\src\models\excel_filter.py", line 57, in filter_and_export
    match_config['match_file'],
    ~~~~~~~~~~~~^^^^^^^^^^^^^^
TypeError: 'method' object is not subscriptable

During handling of the above exception, another exception occurred:

Traceback (most recent call last):
  File "D:\Workspace\ExcelTool\src\models\excel_filter.py", line 63, in filter_and_export
    raise ValueError(f"匹配文件处理失败: {e}")
ValueError: 匹配文件处理失败: 'method' object is not subscriptable

During handling of the above exception, another exception occurred:

Traceback (most recent call last):
  File "D:\Workspace\ExcelTool\src\controllers\filter_controller.py", line 25, in run
    result = ExcelFilter.filter_and_export(
        file_paths=self.file_paths,
    ...<5 lines>...
        progress_callback=self.signals.progress.emit
    )
  File "D:\Workspace\ExcelTool\src\models\excel_filter.py", line 169, in filter_and_export
    raise close_err
  File "D:\Workspace\ExcelTool\src\models\excel_filter.py", line 161, in filter_and_export
    writer.close()
    ~~~~~~~~~~~~^^
  File "C:\Users\86546\AppData\Local\Programs\Python\Python314\Lib\site-packages\pandas\io\excel\_base.py", line 1403, in close
    self._save()
    ~~~~~~~~~~^^
  File "C:\Users\86546\AppData\Local\Programs\Python\Python314\Lib\site-packages\pandas\io\excel\_openpyxl.py", line 111, in _save
    self.book.save(self._handles.handle)
    ~~~~~~~~~~~~~~^^^^^^^^^^^^^^^^^^^^^^
  File "C:\Users\86546\AppData\Local\Programs\Python\Python314\Lib\site-packages\openpyxl\workbook\workbook.py", line 386, in save
    save_workbook(self, filename)
    ~~~~~~~~~~~~~^^^^^^^^^^^^^^^^
  File "C:\Users\86546\AppData\Local\Programs\Python\Python314\Lib\site-packages\openpyxl\writer\excel.py", line 294, in save_workbook
    writer.save()
    ~~~~~~~~~~~^^
  File "C:\Users\86546\AppData\Local\Programs\Python\Python314\Lib\site-packages\openpyxl\writer\excel.py", line 275, in save
    self.write_data()
    ~~~~~~~~~~~~~~~^^
  File "C:\Users\86546\AppData\Local\Programs\Python\Python314\Lib\site-packages\openpyxl\writer\excel.py", line 89, in write_data
    archive.writestr(ARC_WORKBOOK, writer.write())
                                   ~~~~~~~~~~~~^^
  File "C:\Users\86546\AppData\Local\Programs\Python\Python314\Lib\site-packages\openpyxl\workbook\_writer.py", line 150, in write
    self.write_views()
    ~~~~~~~~~~~~~~~~^^
  File "C:\Users\86546\AppData\Local\Programs\Python\Python314\Lib\site-packages\openpyxl\workbook\_writer.py", line 137, in write_views
    active = get_active_sheet(self.wb)
  File "C:\Users\86546\AppData\Local\Programs\Python\Python314\Lib\site-packages\openpyxl\workbook\_writer.py", line 35, in get_active_sheet
    raise IndexError("At least one sheet must be visible")
IndexError: At least one sheet must be visible
2026-02-21 09:39:29,888 - src.models.excel_filter - ERROR - excel_filter.py:62 - 加载匹配文件失败: 'method' object is not subscriptable
2026-02-21 09:39:29,898 - src.models.excel_filter - ERROR - excel_filter.py:155 - 数据写入过程中发生异常
Traceback (most recent call last):
  File "D:\Workspace\ExcelTool\src\models\excel_filter.py", line 57, in filter_and_export
    match_config['match_file'],
    ~~~~~~~~~~~~^^^^^^^^^^^^^^
TypeError: 'method' object is not subscriptable

During handling of the above exception, another exception occurred:

Traceback (most recent call last):
  File "D:\Workspace\ExcelTool\src\models\excel_filter.py", line 63, in filter_and_export
    raise ValueError(f"匹配文件处理失败: {e}")
ValueError: 匹配文件处理失败: 'method' object is not subscriptable
2026-02-21 09:39:29,902 - src.models.excel_filter - ERROR - excel_filter.py:164 - 关闭 ExcelWriter 时出错: At least one sheet must be visible
2026-02-21 09:39:29,902 - src.controllers.filter_controller - ERROR - filter_controller.py:36 - 筛选任务失败
Traceback (most recent call last):
  File "D:\Workspace\ExcelTool\src\models\excel_filter.py", line 57, in filter_and_export
    match_config['match_file'],
    ~~~~~~~~~~~~^^^^^^^^^^^^^^
TypeError: 'method' object is not subscriptable

During handling of the above exception, another exception occurred:

Traceback (most recent call last):
  File "D:\Workspace\ExcelTool\src\models\excel_filter.py", line 63, in filter_and_export
    raise ValueError(f"匹配文件处理失败: {e}")
ValueError: 匹配文件处理失败: 'method' object is not subscriptable

During handling of the above exception, another exception occurred:

Traceback (most recent call last):
  File "D:\Workspace\ExcelTool\src\controllers\filter_controller.py", line 25, in run
    result = ExcelFilter.filter_and_export(
        file_paths=self.file_paths,
    ...<5 lines>...
        progress_callback=self.signals.progress.emit
    )
  File "D:\Workspace\ExcelTool\src\models\excel_filter.py", line 169, in filter_and_export
    raise close_err
  File "D:\Workspace\ExcelTool\src\models\excel_filter.py", line 161, in filter_and_export
    writer.close()
    ~~~~~~~~~~~~^^
  File "C:\Users\86546\AppData\Local\Programs\Python\Python314\Lib\site-packages\pandas\io\excel\_base.py", line 1403, in close
    self._save()
    ~~~~~~~~~~^^
  File "C:\Users\86546\AppData\Local\Programs\Python\Python314\Lib\site-packages\pandas\io\excel\_openpyxl.py", line 111, in _save
    self.book.save(self._handles.handle)
    ~~~~~~~~~~~~~~^^^^^^^^^^^^^^^^^^^^^^
  File "C:\Users\86546\AppData\Local\Programs\Python\Python314\Lib\site-packages\openpyxl\workbook\workbook.py", line 386, in save
    save_workbook(self, filename)
    ~~~~~~~~~~~~~^^^^^^^^^^^^^^^^
  File "C:\Users\86546\AppData\Local\Programs\Python\Python314\Lib\site-packages\openpyxl\writer\excel.py", line 294, in save_workbook
    writer.save()
    ~~~~~~~~~~~^^
  File "C:\Users\86546\AppData\Local\Programs\Python\Python314\Lib\site-packages\openpyxl\writer\excel.py", line 275, in save
    self.write_data()
    ~~~~~~~~~~~~~~~^^
  File "C:\Users\86546\AppData\Local\Programs\Python\Python314\Lib\site-packages\openpyxl\writer\excel.py", line 89, in write_data
    archive.writestr(ARC_WORKBOOK, writer.write())
                                   ~~~~~~~~~~~~^^
  File "C:\Users\86546\AppData\Local\Programs\Python\Python314\Lib\site-packages\openpyxl\workbook\_writer.py", line 150, in write
    self.write_views()
    ~~~~~~~~~~~~~~~~^^
  File "C:\Users\86546\AppData\Local\Programs\Python\Python314\Lib\site-packages\openpyxl\workbook\_writer.py", line 137, in write_views
    active = get_active_sheet(self.wb)
  File "C:\Users\86546\AppData\Local\Programs\Python\Python314\Lib\site-packages\openpyxl\workbook\_writer.py", line 35, in get_active_sheet
    raise IndexError("At least one sheet must be visible")
IndexError: At least one sheet must be visible
2026-02-21 09:42:40,084 - ExcelTool - INFO - main.py:18 - 程序启动
2026-02-21 09:43:30,900 - src.models.excel_filter - ERROR - excel_filter.py:62 - 加载匹配文件失败: 'method' object is not subscriptable
2026-02-21 09:43:30,900 - src.models.excel_filter - ERROR - excel_filter.py:155 - 数据写入过程中发生异常
Traceback (most recent call last):
  File "D:\Workspace\ExcelTool\src\models\excel_filter.py", line 57, in filter_and_export
    match_config['match_file'],
    ~~~~~~~~~~~~^^^^^^^^^^^^^^
TypeError: 'method' object is not subscriptable

During handling of the above exception, another exception occurred:

Traceback (most recent call last):
  File "D:\Workspace\ExcelTool\src\models\excel_filter.py", line 63, in filter_and_export
    raise ValueError(f"匹配文件处理失败: {e}")
ValueError: 匹配文件处理失败: 'method' object is not subscriptable
2026-02-21 09:43:30,923 - src.models.excel_filter - ERROR - excel_filter.py:164 - 关闭 ExcelWriter 时出错: At least one sheet must be visible
2026-02-21 09:43:30,924 - src.controllers.filter_controller - ERROR - filter_controller.py:36 - 筛选任务失败
Traceback (most recent call last):
  File "D:\Workspace\ExcelTool\src\models\excel_filter.py", line 57, in filter_and_export
    match_config['match_file'],
    ~~~~~~~~~~~~^^^^^^^^^^^^^^
TypeError: 'method' object is not subscriptable

During handling of the above exception, another exception occurred:

Traceback (most recent call last):
  File "D:\Workspace\ExcelTool\src\models\excel_filter.py", line 63, in filter_and_export
    raise ValueError(f"匹配文件处理失败: {e}")
ValueError: 匹配文件处理失败: 'method' object is not subscriptable

During handling of the above exception, another exception occurred:

Traceback (most recent call last):
  File "D:\Workspace\ExcelTool\src\controllers\filter_controller.py", line 25, in run
    result = ExcelFilter.filter_and_export(
        file_paths=self.file_paths,
    ...<5 lines>...
        progress_callback=self.signals.progress.emit
    )
  File "D:\Workspace\ExcelTool\src\models\excel_filter.py", line 169, in filter_and_export
    raise close_err
  File "D:\Workspace\ExcelTool\src\models\excel_filter.py", line 161, in filter_and_export
    writer.close()
    ~~~~~~~~~~~~^^
  File "C:\Users\86546\AppData\Local\Programs\Python\Python314\Lib\site-packages\pandas\io\excel\_base.py", line 1403, in close
    self._save()
    ~~~~~~~~~~^^
  File "C:\Users\86546\AppData\Local\Programs\Python\Python314\Lib\site-packages\pandas\io\excel\_openpyxl.py", line 111, in _save
    self.book.save(self._handles.handle)
    ~~~~~~~~~~~~~~^^^^^^^^^^^^^^^^^^^^^^
  File "C:\Users\86546\AppData\Local\Programs\Python\Python314\Lib\site-packages\openpyxl\workbook\workbook.py", line 386, in save
    save_workbook(self, filename)
    ~~~~~~~~~~~~~^^^^^^^^^^^^^^^^
  File "C:\Users\86546\AppData\Local\Programs\Python\Python314\Lib\site-packages\openpyxl\writer\excel.py", line 294, in save_workbook
    writer.save()
    ~~~~~~~~~~~^^
  File "C:\Users\86546\AppData\Local\Programs\Python\Python314\Lib\site-packages\openpyxl\writer\excel.py", line 275, in save
    self.write_data()
    ~~~~~~~~~~~~~~~^^
  File "C:\Users\86546\AppData\Local\Programs\Python\Python314\Lib\site-packages\openpyxl\writer\excel.py", line 89, in write_data
    archive.writestr(ARC_WORKBOOK, writer.write())
                                   ~~~~~~~~~~~~^^
  File "C:\Users\86546\AppData\Local\Programs\Python\Python314\Lib\site-packages\openpyxl\workbook\_writer.py", line 150, in write
    self.write_views()
    ~~~~~~~~~~~~~~~~^^
  File "C:\Users\86546\AppData\Local\Programs\Python\Python314\Lib\site-packages\openpyxl\workbook\_writer.py", line 137, in write_views
    active = get_active_sheet(self.wb)
  File "C:\Users\86546\AppData\Local\Programs\Python\Python314\Lib\site-packages\openpyxl\workbook\_writer.py", line 35, in get_active_sheet
    raise IndexError("At least one sheet must be visible")
IndexError: At least one sheet must be visible
2026-02-21 09:43:30,962 - src.views.tabs.filter_tab - ERROR - filter_tab.py:541 - 无效的进度值: At least one sheet must be visible
2026-02-21 09:44:53,700 - src.models.excel_filter - ERROR - excel_filter.py:62 - 加载匹配文件失败: 'method' object is not subscriptable
2026-02-21 09:44:53,708 - src.models.excel_filter - ERROR - excel_filter.py:155 - 数据写入过程中发生异常
Traceback (most recent call last):
  File "D:\Workspace\ExcelTool\src\models\excel_filter.py", line 57, in filter_and_export
    match_config['match_file'],
    ~~~~~~~~~~~~^^^^^^^^^^^^^^
TypeError: 'method' object is not subscriptable

During handling of the above exception, another exception occurred:

Traceback (most recent call last):
  File "D:\Workspace\ExcelTool\src\models\excel_filter.py", line 63, in filter_and_export
    raise ValueError(f"匹配文件处理失败: {e}")
ValueError: 匹配文件处理失败: 'method' object is not subscriptable
2026-02-21 09:44:53,713 - src.models.excel_filter - ERROR - excel_filter.py:164 - 关闭 ExcelWriter 时出错: At least one sheet must be visible
2026-02-21 09:44:53,714 - src.controllers.filter_controller - ERROR - filter_controller.py:36 - 筛选任务失败
Traceback (most recent call last):
  File "D:\Workspace\ExcelTool\src\models\excel_filter.py", line 57, in filter_and_export
    match_config['match_file'],
    ~~~~~~~~~~~~^^^^^^^^^^^^^^
TypeError: 'method' object is not subscriptable

During handling of the above exception, another exception occurred:

Traceback (most recent call last):
  File "D:\Workspace\ExcelTool\src\models\excel_filter.py", line 63, in filter_and_export
    raise ValueError(f"匹配文件处理失败: {e}")
ValueError: 匹配文件处理失败: 'method' object is not subscriptable

During handling of the above exception, another exception occurred:

Traceback (most recent call last):
  File "D:\Workspace\ExcelTool\src\controllers\filter_controller.py", line 25, in run
    result = ExcelFilter.filter_and_export(
        file_paths=self.file_paths,
    ...<5 lines>...
        progress_callback=self.signals.progress.emit
    )
  File "D:\Workspace\ExcelTool\src\models\excel_filter.py", line 169, in filter_and_export
    raise close_err
  File "D:\Workspace\ExcelTool\src\models\excel_filter.py", line 161, in filter_and_export
    writer.close()
    ~~~~~~~~~~~~^^
  File "C:\Users\86546\AppData\Local\Programs\Python\Python314\Lib\site-packages\pandas\io\excel\_base.py", line 1403, in close
    self._save()
    ~~~~~~~~~~^^
  File "C:\Users\86546\AppData\Local\Programs\Python\Python314\Lib\site-packages\pandas\io\excel\_openpyxl.py", line 111, in _save
    self.book.save(self._handles.handle)
    ~~~~~~~~~~~~~~^^^^^^^^^^^^^^^^^^^^^^
  File "C:\Users\86546\AppData\Local\Programs\Python\Python314\Lib\site-packages\openpyxl\workbook\workbook.py", line 386, in save
    save_workbook(self, filename)
    ~~~~~~~~~~~~~^^^^^^^^^^^^^^^^
  File "C:\Users\86546\AppData\Local\Programs\Python\Python314\Lib\site-packages\openpyxl\writer\excel.py", line 294, in save_workbook
    writer.save()
    ~~~~~~~~~~~^^
  File "C:\Users\86546\AppData\Local\Programs\Python\Python314\Lib\site-packages\openpyxl\writer\excel.py", line 275, in save
    self.write_data()
    ~~~~~~~~~~~~~~~^^
  File "C:\Users\86546\AppData\Local\Programs\Python\Python314\Lib\site-packages\openpyxl\writer\excel.py", line 89, in write_data
    archive.writestr(ARC_WORKBOOK, writer.write())
                                   ~~~~~~~~~~~~^^
  File "C:\Users\86546\AppData\Local\Programs\Python\Python314\Lib\site-packages\openpyxl\workbook\_writer.py", line 150, in write
    self.write_views()
    ~~~~~~~~~~~~~~~~^^
  File "C:\Users\86546\AppData\Local\Programs\Python\Python314\Lib\site-packages\openpyxl\workbook\_writer.py", line 137, in write_views
    active = get_active_sheet(self.wb)
  File "C:\Users\86546\AppData\Local\Programs\Python\Python314\Lib\site-packages\openpyxl\workbook\_writer.py", line 35, in get_active_sheet
    raise IndexError("At least one sheet must be visible")
IndexError: At least one sheet must be visible
2026-02-21 09:44:53,749 - src.views.tabs.filter_tab - ERROR - filter_tab.py:541 - 无效的进度值: At least one sheet must be visible
2026-02-21 09:58:06,533 - ExcelTool - INFO - main.py:18 - 程序启动
2026-02-21 09:58:49,417 - src.models.excel_filter - ERROR - excel_filter.py:71 - 加载匹配文件失败: 'method' object is not subscriptable
2026-02-21 09:58:49,418 - src.models.excel_filter - ERROR - excel_filter.py:164 - 数据写入过程中发生异常
Traceback (most recent call last):
  File "D:\Workspace\ExcelTool\src\models\excel_filter.py", line 66, in filter_and_export
    match_config['match_file'],
    ~~~~~~~~~~~~^^^^^^^^^^^^^^
TypeError: 'method' object is not subscriptable

During handling of the above exception, another exception occurred:

Traceback (most recent call last):
  File "D:\Workspace\ExcelTool\src\models\excel_filter.py", line 72, in filter_and_export
    raise ValueError(f"匹配文件处理失败: {e}")
ValueError: 匹配文件处理失败: 'method' object is not subscriptable
2026-02-21 09:58:49,424 - src.models.excel_filter - ERROR - excel_filter.py:173 - 关闭 ExcelWriter 时出错: At least one sheet must be visible
2026-02-21 09:58:49,424 - src.controllers.filter_controller - ERROR - filter_controller.py:36 - 筛选任务失败
Traceback (most recent call last):
  File "D:\Workspace\ExcelTool\src\models\excel_filter.py", line 66, in filter_and_export
    match_config['match_file'],
    ~~~~~~~~~~~~^^^^^^^^^^^^^^
TypeError: 'method' object is not subscriptable

During handling of the above exception, another exception occurred:

Traceback (most recent call last):
  File "D:\Workspace\ExcelTool\src\models\excel_filter.py", line 72, in filter_and_export
    raise ValueError(f"匹配文件处理失败: {e}")
ValueError: 匹配文件处理失败: 'method' object is not subscriptable

During handling of the above exception, another exception occurred:

Traceback (most recent call last):
  File "D:\Workspace\ExcelTool\src\controllers\filter_controller.py", line 25, in run
    result = ExcelFilter.filter_and_export(
        file_paths=self.file_paths,
    ...<5 lines>...
        progress_callback=self.signals.progress.emit
    )
  File "D:\Workspace\ExcelTool\src\models\excel_filter.py", line 178, in filter_and_export
    raise close_err
  File "D:\Workspace\ExcelTool\src\models\excel_filter.py", line 170, in filter_and_export
    writer.close()
    ~~~~~~~~~~~~^^
  File "C:\Users\86546\AppData\Local\Programs\Python\Python314\Lib\site-packages\pandas\io\excel\_base.py", line 1403, in close
    self._save()
    ~~~~~~~~~~^^
  File "C:\Users\86546\AppData\Local\Programs\Python\Python314\Lib\site-packages\pandas\io\excel\_openpyxl.py", line 111, in _save
    self.book.save(self._handles.handle)
    ~~~~~~~~~~~~~~^^^^^^^^^^^^^^^^^^^^^^
  File "C:\Users\86546\AppData\Local\Programs\Python\Python314\Lib\site-packages\openpyxl\workbook\workbook.py", line 386, in save
    save_workbook(self, filename)
    ~~~~~~~~~~~~~^^^^^^^^^^^^^^^^
  File "C:\Users\86546\AppData\Local\Programs\Python\Python314\Lib\site-packages\openpyxl\writer\excel.py", line 294, in save_workbook
    writer.save()
    ~~~~~~~~~~~^^
  File "C:\Users\86546\AppData\Local\Programs\Python\Python314\Lib\site-packages\openpyxl\writer\excel.py", line 275, in save
    self.write_data()
    ~~~~~~~~~~~~~~~^^
  File "C:\Users\86546\AppData\Local\Programs\Python\Python314\Lib\site-packages\openpyxl\writer\excel.py", line 89, in write_data
    archive.writestr(ARC_WORKBOOK, writer.write())
                                   ~~~~~~~~~~~~^^
  File "C:\Users\86546\AppData\Local\Programs\Python\Python314\Lib\site-packages\openpyxl\workbook\_writer.py", line 150, in write
    self.write_views()
    ~~~~~~~~~~~~~~~~^^
  File "C:\Users\86546\AppData\Local\Programs\Python\Python314\Lib\site-packages\openpyxl\workbook\_writer.py", line 137, in write_views
    active = get_active_sheet(self.wb)
  File "C:\Users\86546\AppData\Local\Programs\Python\Python314\Lib\site-packages\openpyxl\workbook\_writer.py", line 35, in get_active_sheet
    raise IndexError("At least one sheet must be visible")
IndexError: At least one sheet must be visible
2026-02-21 09:58:49,479 - src.views.tabs.filter_tab - ERROR - filter_tab.py:541 - 进度条设置失败: invalid literal for int() with base 10: 'At least one sheet must be visible', value=At least one sheet must be visible
2026-02-21 10:14:42,011 - ExcelTool - INFO - main.py:18 - 程序启动
2026-02-21 10:15:25,458 - src.models.excel_filter - INFO - excel_filter.py:197 - 匹配集合加载完成，共 62 个唯一值，示例: ['B4010082', 'B4010542', 'B4010576', 'B4010546', 'B4010345', 'B4010549', 'B4010363', 'B4010330', 'B4010333', 'B4010389']
2026-02-21 10:15:25,458 - src.models.excel_filter - INFO - excel_filter.py:69 - 外部匹配集合加载完成，共 62 个唯一值
2026-02-21 10:15:25,691 - src.models.excel_filter - WARNING - excel_filter.py:101 - 文件筛选后无数据: D:/Workspace/ExcelTool/测试数据/安吉公交山川乡场站充电记录_20260131.xlsx
2026-02-21 10:15:26,310 - src.models.excel_filter - INFO - excel_filter.py:146 - 已处理: D:/Workspace/ExcelTool/测试数据/安吉公交鄣吴场站充电记录_20260131.xlsx -> Sheet: 安吉公交鄣吴镇场站【公交】（内部使用）
2026-02-21 10:15:26,573 - src.models.excel_filter - INFO - excel_filter.py:146 - 已处理: D:/Workspace/ExcelTool/测试数据/双舍村场站充电记录_20260131.xlsx -> Sheet: 双舍村场站【公交】（内部使用）
2026-02-21 10:15:26,617 - src.models.excel_filter - WARNING - excel_filter.py:101 - 文件筛选后无数据: D:/Workspace/ExcelTool/测试数据/长林垓村场站充电记录_20260131.xlsx
2026-02-21 10:15:26,895 - src.models.excel_filter - INFO - excel_filter.py:171 - ExcelWriter 已关闭，文件保存至: D:/Workspace/ExcelTool/测试数据/demo.xlsx
2026-02-21 14:51:56,721 - ExcelTool - INFO - main.py:18 - 程序启动
2026-02-21 14:57:34,756 - ExcelTool - INFO - main.py:18 - 程序启动
2026-02-21 15:05:36,724 - ExcelTool - INFO - main.py:18 - 程序启动
2026-02-21 15:22:03,756 - ExcelTool - INFO - main.py:18 - 程序启动
2026-02-21 15:23:47,770 - ExcelTool - INFO - main.py:18 - 程序启动
2026-02-21 15:31:27,390 - ExcelTool - INFO - main.py:18 - 程序启动
2026-02-21 15:32:47,447 - ExcelTool - INFO - main.py:18 - 程序启动
2026-02-21 15:34:20,402 - ExcelTool - INFO - main.py:18 - 程序启动
2026-02-21 15:40:41,276 - ExcelTool - INFO - main.py:18 - 程序启动
2026-02-21 15:56:08,627 - ExcelTool - INFO - main.py:18 - 程序启动
2026-02-21 15:58:48,778 - ExcelTool - INFO - main.py:18 - 程序启动
2026-02-21 16:02:03,254 - ExcelTool - INFO - main.py:18 - 程序启动
2026-02-21 16:03:05,346 - ExcelTool - INFO - main.py:18 - 程序启动
2026-02-21 16:03:48,577 - src.models.excel_filter - INFO - excel_filter.py:197 - 匹配集合加载完成，共 62 个唯一值，示例: ['B4010368', 'B4010550', 'B4010082', 'B4010338', 'B4010528', 'B4010558', 'B4010576', 'B4010331', 'B4010546', 'B4010572']
2026-02-21 16:03:48,578 - src.models.excel_filter - INFO - excel_filter.py:69 - 外部匹配集合加载完成，共 62 个唯一值
2026-02-21 16:03:48,717 - src.models.excel_filter - WARNING - excel_filter.py:101 - 文件筛选后无数据: D:/Workspace/ExcelTool/测试数据/安吉公交山川乡场站充电记录_20260131.xlsx
2026-02-21 16:03:49,048 - src.models.excel_filter - INFO - excel_filter.py:146 - 已处理: D:/Workspace/ExcelTool/测试数据/安吉公交鄣吴场站充电记录_20260131.xlsx -> Sheet: 安吉公交鄣吴镇场站【公交】（内部使用）
2026-02-21 16:03:49,214 - src.models.excel_filter - INFO - excel_filter.py:146 - 已处理: D:/Workspace/ExcelTool/测试数据/双舍村场站充电记录_20260131.xlsx -> Sheet: 双舍村场站【公交】（内部使用）
2026-02-21 16:03:49,238 - src.models.excel_filter - WARNING - excel_filter.py:101 - 文件筛选后无数据: D:/Workspace/ExcelTool/测试数据/长林垓村场站充电记录_20260131.xlsx
2026-02-21 16:03:49,339 - src.models.excel_filter - INFO - excel_filter.py:171 - ExcelWriter 已关闭，文件保存至: C:\Users\86546\Desktop\筛选汇总_20260221_160348.xlsx
2026-02-21 16:04:55,259 - src.models.excel_filter - INFO - excel_filter.py:197 - 匹配集合加载完成，共 62 个唯一值，示例: ['B4010368', 'B4010550', 'B4010082', 'B4010338', 'B4010528', 'B4010558', 'B4010576', 'B4010331', 'B4010546', 'B4010572']
2026-02-21 16:04:55,262 - src.models.excel_filter - INFO - excel_filter.py:69 - 外部匹配集合加载完成，共 62 个唯一值
2026-02-21 16:04:55,394 - src.models.excel_filter - WARNING - excel_filter.py:101 - 文件筛选后无数据: D:/Workspace/ExcelTool/测试数据/安吉公交山川乡场站充电记录_20260131.xlsx
2026-02-21 16:04:55,716 - src.models.excel_filter - INFO - excel_filter.py:146 - 已处理: D:/Workspace/ExcelTool/测试数据/安吉公交鄣吴场站充电记录_20260131.xlsx -> Sheet: 安吉公交鄣吴镇场站【公交】（内部使用）
2026-02-21 16:04:55,866 - src.models.excel_filter - INFO - excel_filter.py:146 - 已处理: D:/Workspace/ExcelTool/测试数据/双舍村场站充电记录_20260131.xlsx -> Sheet: 双舍村场站【公交】（内部使用）
2026-02-21 16:04:55,898 - src.models.excel_filter - WARNING - excel_filter.py:101 - 文件筛选后无数据: D:/Workspace/ExcelTool/测试数据/长林垓村场站充电记录_20260131.xlsx
2026-02-21 16:04:55,998 - src.models.excel_filter - INFO - excel_filter.py:171 - ExcelWriter 已关闭，文件保存至: D:/Workspace/ExcelTool/测试数据/demo11.xlsx
2026-02-21 16:06:40,117 - src.models.excel_filter - INFO - excel_filter.py:197 - 匹配集合加载完成，共 62 个唯一值，示例: ['B4010368', 'B4010550', 'B4010082', 'B4010338', 'B4010528', 'B4010558', 'B4010576', 'B4010331', 'B4010546', 'B4010572']
2026-02-21 16:06:40,118 - src.models.excel_filter - INFO - excel_filter.py:69 - 外部匹配集合加载完成，共 62 个唯一值
2026-02-21 16:06:40,231 - src.models.excel_filter - WARNING - excel_filter.py:101 - 文件筛选后无数据: D:/Workspace/ExcelTool/测试数据/安吉公交山川乡场站充电记录_20260131.xlsx
2026-02-21 16:06:40,551 - src.models.excel_filter - INFO - excel_filter.py:146 - 已处理: D:/Workspace/ExcelTool/测试数据/安吉公交鄣吴场站充电记录_20260131.xlsx -> Sheet: 安吉公交鄣吴镇场站【公交】（内部使用）
2026-02-21 16:06:40,703 - src.models.excel_filter - INFO - excel_filter.py:146 - 已处理: D:/Workspace/ExcelTool/测试数据/双舍村场站充电记录_20260131.xlsx -> Sheet: 双舍村场站【公交】（内部使用）
2026-02-21 16:06:40,728 - src.models.excel_filter - WARNING - excel_filter.py:101 - 文件筛选后无数据: D:/Workspace/ExcelTool/测试数据/长林垓村场站充电记录_20260131.xlsx
2026-02-21 16:06:40,864 - src.models.excel_filter - INFO - excel_filter.py:171 - ExcelWriter 已关闭，文件保存至: D:/Workspace/ExcelTool/测试数据/demo2222.xlsx
2026-02-21 16:09:11,032 - src.models.excel_filter - INFO - excel_filter.py:197 - 匹配集合加载完成，共 62 个唯一值，示例: ['B4010368', 'B4010550', 'B4010082', 'B4010338', 'B4010528', 'B4010558', 'B4010576', 'B4010331', 'B4010546', 'B4010572']
2026-02-21 16:09:11,032 - src.models.excel_filter - INFO - excel_filter.py:69 - 外部匹配集合加载完成，共 62 个唯一值
2026-02-21 16:09:11,160 - src.models.excel_filter - WARNING - excel_filter.py:101 - 文件筛选后无数据: D:/Workspace/ExcelTool/测试数据/安吉公交山川乡场站充电记录_20260131.xlsx
2026-02-21 16:09:11,475 - src.models.excel_filter - INFO - excel_filter.py:146 - 已处理: D:/Workspace/ExcelTool/测试数据/安吉公交鄣吴场站充电记录_20260131.xlsx -> Sheet: 浙E00107D
2026-02-21 16:09:11,636 - src.models.excel_filter - INFO - excel_filter.py:146 - 已处理: D:/Workspace/ExcelTool/测试数据/双舍村场站充电记录_20260131.xlsx -> Sheet: 浙E09878D
2026-02-21 16:09:11,660 - src.models.excel_filter - WARNING - excel_filter.py:101 - 文件筛选后无数据: D:/Workspace/ExcelTool/测试数据/长林垓村场站充电记录_20260131.xlsx
2026-02-21 16:09:11,805 - src.models.excel_filter - INFO - excel_filter.py:171 - ExcelWriter 已关闭，文件保存至: D:/Workspace/ExcelTool/测试数据/车辆tab.xlsx
2026-02-21 16:12:38,560 - src.models.excel_filter - WARNING - excel_filter.py:101 - 文件筛选后无数据: D:/Workspace/ExcelTool/测试数据/安吉公交山川乡场站充电记录_20260131.xlsx
2026-02-21 16:12:38,859 - src.models.excel_filter - INFO - excel_filter.py:146 - 已处理: D:/Workspace/ExcelTool/测试数据/安吉公交鄣吴场站充电记录_20260131.xlsx -> Sheet: 安吉公交鄣吴镇场站【公交】（内部使用）
2026-02-21 16:12:38,958 - src.models.excel_filter - WARNING - excel_filter.py:101 - 文件筛选后无数据: D:/Workspace/ExcelTool/测试数据/双舍村场站充电记录_20260131.xlsx
2026-02-21 16:12:38,989 - src.models.excel_filter - WARNING - excel_filter.py:101 - 文件筛选后无数据: D:/Workspace/ExcelTool/测试数据/长林垓村场站充电记录_20260131.xlsx
2026-02-21 16:12:39,010 - src.models.excel_filter - INFO - excel_filter.py:171 - ExcelWriter 已关闭，文件保存至: D:/Workspace/ExcelTool/测试数据/条件筛选浙E09448D.xlsx
2026-02-21 16:13:05,284 - src.models.excel_filter - WARNING - excel_filter.py:101 - 文件筛选后无数据: D:/Workspace/ExcelTool/测试数据/安吉公交山川乡场站充电记录_20260131.xlsx
2026-02-21 16:13:05,588 - src.models.excel_filter - INFO - excel_filter.py:146 - 已处理: D:/Workspace/ExcelTool/测试数据/安吉公交鄣吴场站充电记录_20260131.xlsx -> Sheet: 浙E00107D
2026-02-21 16:13:05,700 - src.models.excel_filter - WARNING - excel_filter.py:101 - 文件筛选后无数据: D:/Workspace/ExcelTool/测试数据/双舍村场站充电记录_20260131.xlsx
2026-02-21 16:13:05,722 - src.models.excel_filter - WARNING - excel_filter.py:101 - 文件筛选后无数据: D:/Workspace/ExcelTool/测试数据/长林垓村场站充电记录_20260131.xlsx
2026-02-21 16:13:05,740 - src.models.excel_filter - INFO - excel_filter.py:171 - ExcelWriter 已关闭，文件保存至: D:/Workspace/ExcelTool/测试数据/条件筛选浙E09448D.xlsx
2026-02-25 12:03:18,284 - ExcelTool - INFO - main.py:18 - 程序启动
2026-03-13 16:38:13,835 - ExcelTool - INFO - main.py:18 - 程序启动
2026-03-13 16:40:28,113 - ExcelTool - INFO - main.py:18 - 程序启动
2026-03-13 16:41:30,082 - ExcelTool - INFO - main.py:18 - 程序启动
2026-03-13 16:44:11,012 - ExcelTool - INFO - main.py:18 - 程序启动
2026-03-16 11:35:31,824 - ExcelTool - INFO - main.py:18 - 程序启动
2026-03-16 11:43:00,729 - ExcelTool - INFO - main.py:18 - 程序启动
2026-03-16 12:09:40,115 - src.models.excel_reconciliation - INFO - excel_reconciliation.py:89 - 对账完成，结果已保存至: C:/Users/86546/Desktop/123131313123123131.xlsx
2026-03-16 14:48:19,725 - ExcelTool - INFO - main.py:18 - 程序启动
2026-03-16 14:49:02,875 - ExcelTool - INFO - main.py:18 - 程序启动
2026-03-16 14:49:43,312 - src.controllers.reconciliation_controller - ERROR - reconciliation_controller.py:42 - 对账任务失败
Traceback (most recent call last):
  File "D:\Workspace\ExcelTool\src\controllers\reconciliation_controller.py", line 30, in run
    result = ExcelReconciliation.reconcile(
        left_file=self.left_file,
    ...<6 lines>...
        output_path=self.output_path
    )
  File "D:\Workspace\ExcelTool\src\models\excel_reconciliation.py", line 88, in reconcile
    result.to_excel(output_path, index=False)
    ~~~~~~~~~~~~~~~^^^^^^^^^^^^^^^^^^^^^^^^^^
  File "C:\Users\86546\AppData\Local\Programs\Python\Python314\Lib\site-packages\pandas\core\generic.py", line 2312, in to_excel
    formatter.write(
    ~~~~~~~~~~~~~~~^
        excel_writer,
        ^^^^^^^^^^^^^
    ...<6 lines>...
        engine_kwargs=engine_kwargs,
        ^^^^^^^^^^^^^^^^^^^^^^^^^^^^
    )
    ^
  File "C:\Users\86546\AppData\Local\Programs\Python\Python314\Lib\site-packages\pandas\io\formats\excel.py", line 1003, in write
    writer = ExcelWriter(
        writer,
    ...<2 lines>...
        engine_kwargs=engine_kwargs,
    )
  File "C:\Users\86546\AppData\Local\Programs\Python\Python314\Lib\site-packages\pandas\io\excel\_openpyxl.py", line 62, in __init__
    super().__init__(
    ~~~~~~~~~~~~~~~~^
        path,
        ^^^^^
    ...<3 lines>...
        engine_kwargs=engine_kwargs,
        ^^^^^^^^^^^^^^^^^^^^^^^^^^^^
    )
    ^
  File "C:\Users\86546\AppData\Local\Programs\Python\Python314\Lib\site-packages\pandas\io\excel\_base.py", line 1281, in __init__
    self._handles = get_handle(
                    ~~~~~~~~~~^
        path, mode, storage_options=storage_options, is_text=False
        ^^^^^^^^^^^^^^^^^^^^^^^^^^^^^^^^^^^^^^^^^^^^^^^^^^^^^^^^^^
    )
    ^
  File "C:\Users\86546\AppData\Local\Programs\Python\Python314\Lib\site-packages\pandas\io\common.py", line 935, in get_handle
    handle = open(handle, ioargs.mode)
PermissionError: [Errno 13] Permission denied: 'C:/Users/86546/Desktop/123131313123123131.xlsx'
2026-03-16 14:50:06,647 - src.models.excel_reconciliation - INFO - excel_reconciliation.py:89 - 对账完成，结果已保存至: C:/Users/86546/Desktop/22222222222222222222222.xlsx
2026-03-16 14:55:29,956 - ExcelTool - INFO - main.py:18 - 程序启动
2026-03-16 14:56:04,490 - src.models.excel_reconciliation - INFO - excel_reconciliation.py:107 - 对账完成，结果已保存至: C:/Users/86546/Desktop/3333333333.xlsx
2026-03-16 15:06:58,000 - ExcelTool - INFO - main.py:18 - 程序启动
2026-03-16 15:14:13,083 - ExcelTool - INFO - main.py:18 - 程序启动
2026-03-16 15:14:53,187 - src.controllers.reconciliation_controller - ERROR - reconciliation_controller.py:45 - 对账任务失败
Traceback (most recent call last):
  File "D:\Workspace\ExcelTool\src\controllers\reconciliation_controller.py", line 32, in run
    result = ExcelReconciliation.reconcile(
        left_file=self.left_file,
    ...<7 lines>...
        output_path=self.output_path
    )
  File "D:\Workspace\ExcelTool\src\models\excel_reconciliation.py", line 50, in reconcile
    df_left = cls._apply_match_filter(df_left, group_col, match_config, 'left')
  File "D:\Workspace\ExcelTool\src\models\excel_reconciliation.py", line 130, in _apply_match_filter
    match_col = match_config['match_col']   # 外部文件中用于匹配的列名
                ~~~~~~~~~~~~^^^^^^^^^^^^^
KeyError: 'match_col'
2026-03-16 15:19:26,982 - ExcelTool - INFO - main.py:18 - 程序启动
2026-03-16 15:20:10,253 - src.models.excel_reconciliation - ERROR - excel_reconciliation.py:140 - 外部文件缺少列 场站
2026-03-16 15:20:10,260 - src.models.excel_reconciliation - ERROR - excel_reconciliation.py:140 - 外部文件缺少列 场站
2026-03-16 15:20:10,294 - src.models.excel_reconciliation - INFO - excel_reconciliation.py:106 - 对账完成，结果已保存至: C:/Users/86546/Desktop/444444444444.xlsx
2026-03-16 15:34:26,582 - ExcelTool - INFO - main.py:18 - 程序启动
2026-03-16 15:34:48,881 - ExcelTool - INFO - main.py:18 - 程序启动
2026-03-16 15:36:00,648 - src.models.excel_reconciliation - INFO - excel_reconciliation.py:138 - 达克云 外部匹配剔除后剩余 31387 行（原 35522 行）
2026-03-16 15:36:00,664 - src.models.excel_reconciliation - INFO - excel_reconciliation.py:138 - 海汇德 外部匹配剔除后剩余 24714 行（原 28817 行）
2026-03-16 15:36:00,699 - src.models.excel_reconciliation - INFO - excel_reconciliation.py:97 - 对账完成，结果已保存至: C:/Users/86546/Desktop/6666666.xlsx
2026-03-16 15:43:16,642 - ExcelTool - INFO - main.py:18 - 程序启动
2026-03-16 15:45:20,974 - src.views.tabs.reconciliation_tab - ERROR - reconciliation_tab.py:206 - 读取列名失败 C:/Users/86546/Desktop/达克云订单.xlsx: 'PySide6.QtWidgets.QComboBox.findText' called with wrong argument types:
  PySide6.QtWidgets.QComboBox.findText(list, MatchFlag)
Supported signatures:
  PySide6.QtWidgets.QComboBox.findText(text: str, /, flags: PySide6.QtCore.Qt.MatchFlag = Instance(Qt.MatchFlags(Qt.MatchExactly | Qt.MatchCaseSensitive)))
2026-03-16 15:48:25,020 - ExcelTool - INFO - main.py:18 - 程序启动
2026-03-16 15:50:08,359 - ExcelTool - INFO - main.py:18 - 程序启动
2026-03-16 15:50:52,598 - src.controllers.reconciliation_controller - ERROR - reconciliation_controller.py:45 - 对账任务失败
Traceback (most recent call last):
  File "D:\Workspace\ExcelTool\src\controllers\reconciliation_controller.py", line 32, in run
    result = ExcelReconciliation.reconcile(
        left_file=self.left_file,
    ...<7 lines>...
        output_path=self.output_path
    )
  File "D:\Workspace\ExcelTool\src\models\excel_reconciliation.py", line 40, in reconcile
    cls._validate_columns(df_left, [group_col, left_energy_col, left_fee_col], left_file)
    ~~~~~~~~~~~~~~~~~~~~~^^^^^^^^^^^^^^^^^^^^^^^^^^^^^^^^^^^^^^^^^^^^^^^^^^^^^^^^^^^^^^^^
  File "D:\Workspace\ExcelTool\src\models\excel_reconciliation.py", line 155, in _validate_columns
    raise ValueError(f"文件 {file_name} 中缺少必要的列: {missing}")
ValueError: 文件 C:/Users/86546/Desktop/达克云订单.xlsx 中缺少必要的列: ['场站']
2026-03-16 15:52:05,753 - src.models.excel_reconciliation - INFO - excel_reconciliation.py:138 - 达克云 外部匹配剔除后剩余 31387 行（原 35522 行）
2026-03-16 15:52:05,776 - src.models.excel_reconciliation - INFO - excel_reconciliation.py:138 - 海汇德 外部匹配剔除后剩余 24714 行（原 28817 行）
2026-03-16 15:52:05,811 - src.models.excel_reconciliation - INFO - excel_reconciliation.py:97 - 对账完成，结果已保存至: C:/Users/86546/Desktop/777777777.xlsx
2026-03-16 15:58:14,502 - ExcelTool - INFO - main.py:18 - 程序启动
2026-03-16 15:58:53,892 - src.models.excel_reconciliation - INFO - excel_reconciliation.py:140 - 达克云 外部匹配剔除后剩余 31387 行（原 35522 行）
2026-03-16 15:58:53,908 - src.models.excel_reconciliation - INFO - excel_reconciliation.py:140 - 海汇德 外部匹配剔除后剩余 24714 行（原 28817 行）
2026-03-16 15:58:53,947 - src.models.excel_reconciliation - INFO - excel_reconciliation.py:108 - 对账完成，结果已保存至: C:/Users/86546/Desktop/88888.xlsx
2026-03-16 15:59:56,812 - ExcelTool - INFO - main.py:18 - 程序启动
2026-03-16 16:00:53,693 - src.models.excel_reconciliation - INFO - excel_reconciliation.py:140 - 达克云 外部匹配剔除后剩余 31387 行（原 35522 行）
2026-03-16 16:00:53,709 - src.models.excel_reconciliation - INFO - excel_reconciliation.py:140 - 海汇德 外部匹配剔除后剩余 24714 行（原 28817 行）
2026-03-16 16:00:53,746 - src.models.excel_reconciliation - INFO - excel_reconciliation.py:108 - 对账完成，结果已保存至: C:/Users/86546/Desktop/侧测试测试.xlsx
2026-03-16 16:05:33,210 - src.models.excel_reconciliation - INFO - excel_reconciliation.py:140 - 达克云 外部匹配剔除后剩余 25112 行（原 35522 行）
2026-03-16 16:05:33,229 - src.models.excel_reconciliation - INFO - excel_reconciliation.py:140 - 海汇德 外部匹配剔除后剩余 24578 行（原 28817 行）
2026-03-16 16:05:33,272 - src.models.excel_reconciliation - INFO - excel_reconciliation.py:108 - 对账完成，结果已保存至: C:/Users/86546/Desktop/测试111111.xlsx
2026-03-16 16:36:48,324 - ExcelTool - INFO - main.py:18 - 程序启动
2026-03-17 15:04:02,012 - ExcelTool - INFO - main.py:18 - 程序启动
2026-03-17 15:05:27,223 - src.models.excel_filter - INFO - excel_filter.py:197 - 匹配集合加载完成，共 62 个唯一值，示例: ['B4010547', 'B4010550', 'B4010564', 'B4010331', 'B4010368', 'B4010675', 'B4010382', 'B4010542', 'B4010551', 'B4010552']
2026-03-17 15:05:27,224 - src.models.excel_filter - INFO - excel_filter.py:69 - 外部匹配集合加载完成，共 62 个唯一值
2026-03-17 15:05:27,455 - src.models.excel_filter - WARNING - excel_filter.py:101 - 文件筛选后无数据: C:/Users/86546/Desktop/测试数据/安吉公交山川乡场站充电记录_20260131.xlsx
2026-03-17 15:05:28,032 - src.models.excel_filter - INFO - excel_filter.py:146 - 已处理: C:/Users/86546/Desktop/测试数据/安吉公交鄣吴场站充电记录_20260131.xlsx -> Sheet: 安吉公交鄣吴镇场站【公交】（内部使用）
2026-03-17 15:05:28,333 - src.models.excel_filter - INFO - excel_filter.py:146 - 已处理: C:/Users/86546/Desktop/测试数据/双舍村场站充电记录_20260131.xlsx -> Sheet: 双舍村场站【公交】（内部使用）
2026-03-17 15:05:28,373 - src.models.excel_filter - WARNING - excel_filter.py:101 - 文件筛选后无数据: C:/Users/86546/Desktop/测试数据/长林垓村场站充电记录_20260131.xlsx
2026-03-17 15:05:28,597 - src.models.excel_filter - INFO - excel_filter.py:171 - ExcelWriter 已关闭，文件保存至: C:/Users/86546/Desktop/测试数据/1111.xlsx
2026-03-17 15:19:22,172 - ExcelTool - INFO - main.py:18 - 程序启动
2026-03-17 15:20:24,653 - src.models.excel_filter - INFO - excel_filter.py:197 - 匹配集合加载完成，共 62 个唯一值，示例: ['B4010528', 'B4010579', 'B4010388', 'B4010382', 'B4010572', 'B4010529', 'B4010569', 'B4010526', 'B4010560', 'B4010570']
2026-03-17 15:20:24,654 - src.models.excel_filter - INFO - excel_filter.py:69 - 外部匹配集合加载完成，共 62 个唯一值
2026-03-17 15:20:24,869 - src.models.excel_filter - WARNING - excel_filter.py:101 - 文件筛选后无数据: C:/Users/86546/Desktop/测试数据/安吉公交山川乡场站充电记录_20260131.xlsx
2026-03-17 15:20:25,451 - src.models.excel_filter - INFO - excel_filter.py:146 - 已处理: C:/Users/86546/Desktop/测试数据/安吉公交鄣吴场站充电记录_20260131.xlsx -> Sheet: 安吉公交鄣吴镇场站【公交】（内部使用）
2026-03-17 15:20:25,743 - src.models.excel_filter - INFO - excel_filter.py:146 - 已处理: C:/Users/86546/Desktop/测试数据/双舍村场站充电记录_20260131.xlsx -> Sheet: 双舍村场站【公交】（内部使用）
2026-03-17 15:20:25,782 - src.models.excel_filter - WARNING - excel_filter.py:101 - 文件筛选后无数据: C:/Users/86546/Desktop/测试数据/长林垓村场站充电记录_20260131.xlsx
2026-03-17 15:20:26,027 - src.models.excel_filter - INFO - excel_filter.py:171 - ExcelWriter 已关闭，文件保存至: C:/Users/86546/Desktop/测试数据/2222.xlsx
2026-03-17 15:21:49,887 - ExcelTool - INFO - main.py:18 - 程序启动
2026-03-17 15:22:02,624 - ExcelTool - INFO - main.py:18 - 程序启动
2026-03-17 15:24:11,621 - ExcelTool - INFO - main.py:18 - 程序启动
2026-03-17 16:32:57,274 - ExcelTool - INFO - main.py:18 - 程序启动
2026-03-17 16:34:04,230 - ExcelTool - INFO - main.py:18 - 程序启动
2026-03-17 16:34:19,844 - ExcelTool - INFO - main.py:18 - 程序启动
2026-03-17 16:35:07,880 - ExcelTool - INFO - main.py:18 - 程序启动
2026-03-18 09:06:19,629 - ExcelTool - INFO - main.py:18 - 程序启动
2026-03-18 09:11:28,312 - ExcelTool - INFO - main.py:18 - 程序启动
2026-03-18 09:12:01,160 - ExcelTool - INFO - main.py:18 - 程序启动
2026-03-18 09:12:22,558 - ExcelTool - INFO - main.py:18 - 程序启动
2026-03-18 09:13:23,877 - ExcelTool - INFO - main.py:18 - 程序启动
2026-03-18 09:16:31,228 - ExcelTool - INFO - main.py:18 - 程序启动
2026-03-18 09:17:05,381 - ExcelTool - INFO - main.py:18 - 程序启动
2026-03-18 09:20:34,799 - ExcelTool - INFO - main.py:18 - 程序启动
2026-03-18 09:21:08,517 - ExcelTool - INFO - main.py:18 - 程序启动
2026-03-18 09:21:27,501 - ExcelTool - INFO - main.py:18 - 程序启动
2026-03-18 09:22:36,898 - ExcelTool - INFO - main.py:18 - 程序启动
2026-03-18 09:22:49,441 - ExcelTool - INFO - main.py:18 - 程序启动
2026-03-18 09:23:16,310 - ExcelTool - INFO - main.py:18 - 程序启动
2026-03-18 09:23:38,725 - ExcelTool - INFO - main.py:18 - 程序启动
2026-03-18 09:23:55,093 - ExcelTool - INFO - main.py:18 - 程序启动
2026-03-18 09:25:50,166 - ExcelTool - INFO - main.py:18 - 程序启动
2026-03-18 09:26:50,922 - ExcelTool - INFO - main.py:18 - 程序启动
2026-03-18 09:31:47,064 - ExcelTool - INFO - main.py:18 - 程序启动
2026-03-18 09:32:22,839 - src.models.excel_filter - INFO - excel_filter.py:197 - 匹配集合加载完成，共 62 个唯一值，示例: ['B4010388', 'B4010526', 'B4010382', 'B4010675', 'B4010546', 'B4010345', 'B4010544', 'B4010551', 'B4010376', 'B4010385']
2026-03-18 09:32:22,839 - src.models.excel_filter - INFO - excel_filter.py:69 - 外部匹配集合加载完成，共 62 个唯一值
2026-03-18 09:32:22,970 - src.models.excel_filter - WARNING - excel_filter.py:101 - 文件筛选后无数据: C:/Users/86546/Desktop/测试数据/安吉公交山川乡场站充电记录_20260131.xlsx
2026-03-18 09:32:23,291 - src.models.excel_filter - INFO - excel_filter.py:146 - 已处理: C:/Users/86546/Desktop/测试数据/安吉公交鄣吴场站充电记录_20260131.xlsx -> Sheet: 安吉公交鄣吴镇场站【公交】（内部使用）
2026-03-18 09:32:23,453 - src.models.excel_filter - INFO - excel_filter.py:146 - 已处理: C:/Users/86546/Desktop/测试数据/双舍村场站充电记录_20260131.xlsx -> Sheet: 双舍村场站【公交】（内部使用）
2026-03-18 09:32:23,475 - src.models.excel_filter - WARNING - excel_filter.py:101 - 文件筛选后无数据: C:/Users/86546/Desktop/测试数据/长林垓村场站充电记录_20260131.xlsx
2026-03-18 09:32:23,611 - src.models.excel_filter - INFO - excel_filter.py:171 - ExcelWriter 已关闭，文件保存至: C:/Users/86546/Desktop/测试数据/1111.xlsx
2026-03-18 09:49:54,415 - ExcelTool - INFO - main.py:18 - 程序启动
2026-03-18 15:42:38,423 - ExcelTool - INFO - main.py:18 - 程序启动
2026-04-29 12:12:14,489 - ExcelTool - INFO - main.py:18 - 程序启动
2026-04-29 12:13:07,371 - src.models.excel_filter - INFO - excel_filter.py:197 - 匹配集合加载完成，共 69 个唯一值，示例: ['LC1HNYBJXR0022353', 'LC1HNYBJ5R0008425', 'LC1HNYBJ0R0008445', 'LC1HNYBJ0R0008431', 'LC1HNYBJ3R0022372', 'LC1HNYBJXR0002765', 'LC1HNYBJ1R0022368', 'LC1HNYBJ1R0006154', 'LC1HNYBJ2R0008575', 'LC1HNYBJ6R0009034']
2026-04-29 12:13:07,372 - src.models.excel_filter - INFO - excel_filter.py:69 - 外部匹配集合加载完成，共 69 个唯一值
2026-04-29 12:13:09,085 - src.models.excel_filter - INFO - excel_filter.py:146 - 已处理: C:/Users/86546/Desktop/新建文件夹/3.1-3.31.xlsx -> Sheet: 绿能科技——鞍山站
2026-04-29 12:13:11,259 - src.models.excel_filter - INFO - excel_filter.py:146 - 已处理: C:/Users/86546/Desktop/新建文件夹/4.1-4.30.xlsx -> Sheet: 绿能科技——鞍山站
2026-04-29 12:13:11,350 - src.models.excel_filter - INFO - excel_filter.py:171 - ExcelWriter 已关闭，文件保存至: C:/Users/86546/Desktop/新建文件夹/测试3-4.xlsx
2026-04-29 12:15:25,048 - src.models.excel_filter - INFO - excel_filter.py:197 - 匹配集合加载完成，共 69 个唯一值，示例: ['LC1HNYBJXR0022353', 'LC1HNYBJ5R0008425', 'LC1HNYBJ0R0008445', 'LC1HNYBJ0R0008431', 'LC1HNYBJ3R0022372', 'LC1HNYBJXR0002765', 'LC1HNYBJ1R0022368', 'LC1HNYBJ1R0006154', 'LC1HNYBJ2R0008575', 'LC1HNYBJ6R0009034']
2026-04-29 12:15:25,048 - src.models.excel_filter - INFO - excel_filter.py:69 - 外部匹配集合加载完成，共 69 个唯一值
2026-04-29 12:15:26,429 - src.models.excel_filter - WARNING - excel_filter.py:101 - 文件筛选后无数据: C:/Users/86546/Desktop/新建文件夹/1-31.xlsx
2026-04-29 12:15:27,779 - src.models.excel_filter - WARNING - excel_filter.py:101 - 文件筛选后无数据: C:/Users/86546/Desktop/新建文件夹/2.1-2.28.xlsx
2026-04-29 12:15:27,779 - src.models.excel_filter - WARNING - excel_filter.py:160 - 所有文件均无符合条件的数据，将创建一个空白工作表
2026-04-29 12:15:27,785 - src.models.excel_filter - INFO - excel_filter.py:171 - ExcelWriter 已关闭，文件保存至: C:/Users/86546/Desktop/新建文件夹/测试1-2.xlsx
2026-04-29 12:15:39,918 - src.models.excel_filter - INFO - excel_filter.py:197 - 匹配集合加载完成，共 69 个唯一值，示例: ['LC1HNYBJXR0022353', 'LC1HNYBJ5R0008425', 'LC1HNYBJ0R0008445', 'LC1HNYBJ0R0008431', 'LC1HNYBJ3R0022372', 'LC1HNYBJXR0002765', 'LC1HNYBJ1R0022368', 'LC1HNYBJ1R0006154', 'LC1HNYBJ2R0008575', 'LC1HNYBJ6R0009034']
2026-04-29 12:15:39,918 - src.models.excel_filter - INFO - excel_filter.py:69 - 外部匹配集合加载完成，共 69 个唯一值
2026-04-29 12:15:41,305 - src.models.excel_filter - INFO - excel_filter.py:146 - 已处理: C:/Users/86546/Desktop/新建文件夹/1-31.xlsx -> Sheet: 绿能科技——鞍山站
2026-04-29 12:15:43,476 - src.models.excel_filter - INFO - excel_filter.py:146 - 已处理: C:/Users/86546/Desktop/新建文件夹/2.1-2.28.xlsx -> Sheet: 绿能科技——鞍山站
2026-04-29 12:15:43,540 - src.models.excel_filter - INFO - excel_filter.py:171 - ExcelWriter 已关闭，文件保存至: C:/Users/86546/Desktop/新建文件夹/测试1-2.xlsx
2026-04-29 12:29:49,988 - src.models.excel_filter - ERROR - excel_filter.py:164 - 数据写入过程中发生异常
Traceback (most recent call last):
  File "D:\02_Workspace\ExcelTool\src\models\excel_filter.py", line 61, in filter_and_export
    writer = pd.ExcelWriter(output_path, engine='openpyxl')
  File "C:\Users\86546\AppData\Local\Programs\Python\Python314\Lib\site-packages\pandas\io\excel\_openpyxl.py", line 62, in __init__
    super().__init__(
    ~~~~~~~~~~~~~~~~^
        path,
        ^^^^^
    ...<3 lines>...
        engine_kwargs=engine_kwargs,
        ^^^^^^^^^^^^^^^^^^^^^^^^^^^^
    )
    ^
  File "C:\Users\86546\AppData\Local\Programs\Python\Python314\Lib\site-packages\pandas\io\excel\_base.py", line 1281, in __init__
    self._handles = get_handle(
                    ~~~~~~~~~~^
        path, mode, storage_options=storage_options, is_text=False
        ^^^^^^^^^^^^^^^^^^^^^^^^^^^^^^^^^^^^^^^^^^^^^^^^^^^^^^^^^^
    )
    ^
  File "C:\Users\86546\AppData\Local\Programs\Python\Python314\Lib\site-packages\pandas\io\common.py", line 935, in get_handle
    handle = open(handle, ioargs.mode)
PermissionError: [Errno 13] Permission denied: 'C:/Users/86546/Desktop/新建文件夹/测试1-2.xlsx'
2026-04-29 12:29:49,990 - src.controllers.filter_controller - ERROR - filter_controller.py:36 - 筛选任务失败
Traceback (most recent call last):
  File "D:\02_Workspace\ExcelTool\src\controllers\filter_controller.py", line 25, in run
    result = ExcelFilter.filter_and_export(
        file_paths=self.file_paths,
    ...<5 lines>...
        progress_callback=self.signals.progress.emit
    )
  File "D:\02_Workspace\ExcelTool\src\models\excel_filter.py", line 61, in filter_and_export
    writer = pd.ExcelWriter(output_path, engine='openpyxl')
  File "C:\Users\86546\AppData\Local\Programs\Python\Python314\Lib\site-packages\pandas\io\excel\_openpyxl.py", line 62, in __init__
    super().__init__(
    ~~~~~~~~~~~~~~~~^
        path,
        ^^^^^
    ...<3 lines>...
        engine_kwargs=engine_kwargs,
        ^^^^^^^^^^^^^^^^^^^^^^^^^^^^
    )
    ^
  File "C:\Users\86546\AppData\Local\Programs\Python\Python314\Lib\site-packages\pandas\io\excel\_base.py", line 1281, in __init__
    self._handles = get_handle(
                    ~~~~~~~~~~^
        path, mode, storage_options=storage_options, is_text=False
        ^^^^^^^^^^^^^^^^^^^^^^^^^^^^^^^^^^^^^^^^^^^^^^^^^^^^^^^^^^
    )
    ^
  File "C:\Users\86546\AppData\Local\Programs\Python\Python314\Lib\site-packages\pandas\io\common.py", line 935, in get_handle
    handle = open(handle, ioargs.mode)
PermissionError: [Errno 13] Permission denied: 'C:/Users/86546/Desktop/新建文件夹/测试1-2.xlsx'
2026-04-29 12:29:58,191 - src.models.excel_filter - INFO - excel_filter.py:197 - 匹配集合加载完成，共 69 个唯一值，示例: ['LC1HNYBJXR0022353', 'LC1HNYBJ5R0008425', 'LC1HNYBJ0R0008445', 'LC1HNYBJ0R0008431', 'LC1HNYBJ3R0022372', 'LC1HNYBJXR0002765', 'LC1HNYBJ1R0022368', 'LC1HNYBJ1R0006154', 'LC1HNYBJ2R0008575', 'LC1HNYBJ6R0009034']
2026-04-29 12:29:58,191 - src.models.excel_filter - INFO - excel_filter.py:69 - 外部匹配集合加载完成，共 69 个唯一值
2026-04-29 12:29:59,593 - src.models.excel_filter - INFO - excel_filter.py:146 - 已处理: C:/Users/86546/Desktop/新建文件夹/1-31.xlsx -> Sheet: 绿能科技——鞍山站
2026-04-29 12:30:00,938 - src.models.excel_filter - INFO - excel_filter.py:146 - 已处理: C:/Users/86546/Desktop/新建文件夹/2.1-2.28.xlsx -> Sheet: 绿能科技——鞍山站
2026-04-29 12:30:00,973 - src.models.excel_filter - INFO - excel_filter.py:171 - ExcelWriter 已关闭，文件保存至: C:/Users/86546/Desktop/新建文件夹/测试1-2.xlsx
2026-04-29 13:34:35,034 - ExcelTool - INFO - main.py:18 - 程序启动
2026-04-29 13:35:30,879 - src.models.excel_filter - INFO - excel_filter.py:197 - 匹配集合加载完成，共 69 个唯一值，示例: ['LC1HNYBJ3R0008441', 'LC1HNYBJ7R0008569', 'LC1HNYBJ5R0008425', 'LC1HNYBJ7R0008443', 'LC1HNYBJ8R0008449', 'LC1HNYBJXR0008436', 'LC1HNYBJ9R0008444', 'LC1HNYBJ0R0008445', 'LC1HNYBJ0R0008431', 'LC1HNYBJ6R0007459']
2026-04-29 13:35:30,879 - src.models.excel_filter - INFO - excel_filter.py:69 - 外部匹配集合加载完成，共 69 个唯一值
2026-04-29 13:35:33,310 - src.models.excel_filter - INFO - excel_filter.py:146 - 已处理: C:/Users/86546/Desktop/新建文件夹/1-31.xlsx -> Sheet: 绿能科技——鞍山站
2026-04-29 13:35:35,738 - src.models.excel_filter - INFO - excel_filter.py:146 - 已处理: C:/Users/86546/Desktop/新建文件夹/2.1-2.28.xlsx -> Sheet: 绿能科技——鞍山站
2026-04-29 13:35:35,806 - src.models.excel_filter - INFO - excel_filter.py:171 - ExcelWriter 已关闭，文件保存至: C:/Users/86546/Desktop/新建文件夹/测试1-2.xlsx
2026-04-29 13:37:45,284 - src.models.excel_filter - INFO - excel_filter.py:197 - 匹配集合加载完成，共 69 个唯一值，示例: ['LC1HNYBJ3R0008441', 'LC1HNYBJ7R0008569', 'LC1HNYBJ5R0008425', 'LC1HNYBJ7R0008443', 'LC1HNYBJ8R0008449', 'LC1HNYBJXR0008436', 'LC1HNYBJ9R0008444', 'LC1HNYBJ0R0008445', 'LC1HNYBJ0R0008431', 'LC1HNYBJ6R0007459']
2026-04-29 13:37:45,284 - src.models.excel_filter - INFO - excel_filter.py:69 - 外部匹配集合加载完成，共 69 个唯一值
2026-04-29 13:37:47,218 - src.models.excel_filter - INFO - excel_filter.py:146 - 已处理: C:/Users/86546/Desktop/新建文件夹/1-31.xlsx -> Sheet: 绿能科技——鞍山站
2026-04-29 13:37:47,272 - src.models.excel_filter - INFO - excel_filter.py:171 - ExcelWriter 已关闭，文件保存至: C:/Users/86546/Desktop/新建文件夹/测试1-2.xlsx
2026-04-29 13:38:56,117 - src.models.excel_filter - INFO - excel_filter.py:197 - 匹配集合加载完成，共 69 个唯一值，示例: ['LC1HNYBJ3R0008441', 'LC1HNYBJ7R0008569', 'LC1HNYBJ5R0008425', 'LC1HNYBJ7R0008443', 'LC1HNYBJ8R0008449', 'LC1HNYBJXR0008436', 'LC1HNYBJ9R0008444', 'LC1HNYBJ0R0008445', 'LC1HNYBJ0R0008431', 'LC1HNYBJ6R0007459']
2026-04-29 13:38:56,118 - src.models.excel_filter - INFO - excel_filter.py:69 - 外部匹配集合加载完成，共 69 个唯一值
2026-04-29 13:38:58,188 - src.models.excel_filter - INFO - excel_filter.py:146 - 已处理: C:/Users/86546/Desktop/新建文件夹/2.1-2.28.xlsx -> Sheet: 绿能科技——鞍山站
2026-04-29 13:38:58,233 - src.models.excel_filter - INFO - excel_filter.py:171 - ExcelWriter 已关闭，文件保存至: C:/Users/86546/Desktop/新建文件夹/测试2月.xlsx
2026-04-29 15:04:23,668 - src.models.excel_filter - INFO - excel_filter.py:197 - 匹配集合加载完成，共 69 个唯一值，示例: ['LC1HNYBJ3R0008441', 'LC1HNYBJ7R0008569', 'LC1HNYBJ5R0008425', 'LC1HNYBJ7R0008443', 'LC1HNYBJ8R0008449', 'LC1HNYBJXR0008436', 'LC1HNYBJ9R0008444', 'LC1HNYBJ0R0008445', 'LC1HNYBJ0R0008431', 'LC1HNYBJ6R0007459']
2026-04-29 15:04:23,671 - src.models.excel_filter - INFO - excel_filter.py:69 - 外部匹配集合加载完成，共 69 个唯一值
2026-04-29 15:04:26,177 - src.models.excel_filter - INFO - excel_filter.py:146 - 已处理: C:/Users/86546/Desktop/新建文件夹/2.1-2.28.xlsx -> Sheet: 绿能科技——鞍山站
2026-04-29 15:04:29,590 - src.models.excel_filter - INFO - excel_filter.py:146 - 已处理: C:/Users/86546/Desktop/新建文件夹/1-31.xlsx -> Sheet: 绿能科技——鞍山站
2026-04-29 15:04:29,716 - src.models.excel_filter - INFO - excel_filter.py:171 - ExcelWriter 已关闭，文件保存至: C:/Users/86546/Desktop/新建文件夹/测试1-2.xlsx
2026-04-29 15:05:23,060 - src.models.excel_filter - INFO - excel_filter.py:197 - 匹配集合加载完成，共 69 个唯一值，示例: ['LC1HNYBJ3R0008441', 'LC1HNYBJ7R0008569', 'LC1HNYBJ5R0008425', 'LC1HNYBJ7R0008443', 'LC1HNYBJ8R0008449', 'LC1HNYBJXR0008436', 'LC1HNYBJ9R0008444', 'LC1HNYBJ0R0008445', 'LC1HNYBJ0R0008431', 'LC1HNYBJ6R0007459']
2026-04-29 15:05:23,060 - src.models.excel_filter - INFO - excel_filter.py:69 - 外部匹配集合加载完成，共 69 个唯一值
2026-04-29 15:05:25,045 - src.models.excel_filter - INFO - excel_filter.py:146 - 已处理: C:/Users/86546/Desktop/新建文件夹/1-31.xlsx -> Sheet: 绿能科技——鞍山站
2026-04-29 15:05:26,971 - src.models.excel_filter - INFO - excel_filter.py:146 - 已处理: C:/Users/86546/Desktop/新建文件夹/2.1-2.28.xlsx -> Sheet: 绿能科技——鞍山站
2026-04-29 15:05:27,022 - src.models.excel_filter - INFO - excel_filter.py:171 - ExcelWriter 已关闭，文件保存至: C:/Users/86546/Desktop/新建文件夹/测试1-2.xlsx
2026-04-29 15:06:43,278 - src.models.excel_filter - INFO - excel_filter.py:197 - 匹配集合加载完成，共 69 个唯一值，示例: ['LC1HNYBJ3R0008441', 'LC1HNYBJ7R0008569', 'LC1HNYBJ5R0008425', 'LC1HNYBJ7R0008443', 'LC1HNYBJ8R0008449', 'LC1HNYBJXR0008436', 'LC1HNYBJ9R0008444', 'LC1HNYBJ0R0008445', 'LC1HNYBJ0R0008431', 'LC1HNYBJ6R0007459']
2026-04-29 15:06:43,278 - src.models.excel_filter - INFO - excel_filter.py:69 - 外部匹配集合加载完成，共 69 个唯一值
2026-04-29 15:06:44,825 - src.models.excel_filter - INFO - excel_filter.py:146 - 已处理: C:/Users/86546/Desktop/新建文件夹/1-31.xlsx -> Sheet: 安吉绿色供能科技发展有限公司
2026-04-29 15:06:46,190 - src.models.excel_filter - INFO - excel_filter.py:146 - 已处理: C:/Users/86546/Desktop/新建文件夹/2.1-2.28.xlsx -> Sheet: 安吉绿色供能科技发展有限公司
2026-04-29 15:06:46,223 - src.models.excel_filter - INFO - excel_filter.py:171 - ExcelWriter 已关闭，文件保存至: C:/Users/86546/Desktop/新建文件夹/测试1-2.xlsx
2026-04-29 15:08:08,198 - src.models.excel_filter - INFO - excel_filter.py:197 - 匹配集合加载完成，共 69 个唯一值，示例: ['LC1HNYBJ3R0008441', 'LC1HNYBJ7R0008569', 'LC1HNYBJ5R0008425', 'LC1HNYBJ7R0008443', 'LC1HNYBJ8R0008449', 'LC1HNYBJXR0008436', 'LC1HNYBJ9R0008444', 'LC1HNYBJ0R0008445', 'LC1HNYBJ0R0008431', 'LC1HNYBJ6R0007459']
2026-04-29 15:08:08,198 - src.models.excel_filter - INFO - excel_filter.py:69 - 外部匹配集合加载完成，共 69 个唯一值
2026-04-29 15:08:10,292 - src.models.excel_filter - INFO - excel_filter.py:146 - 已处理: C:/Users/86546/Desktop/新建文件夹/1-31.xlsx -> Sheet: LC1HNYBJ5R0008442
2026-04-29 15:08:12,376 - src.models.excel_filter - INFO - excel_filter.py:146 - 已处理: C:/Users/86546/Desktop/新建文件夹/2.1-2.28.xlsx -> Sheet: LC1HNYBJXR0008436
2026-04-29 15:08:12,489 - src.models.excel_filter - INFO - excel_filter.py:171 - ExcelWriter 已关闭，文件保存至: C:/Users/86546/Desktop/新建文件夹/测试1-2.xlsx
2026-04-29 15:15:12,544 - src.models.excel_filter - INFO - excel_filter.py:197 - 匹配集合加载完成，共 69 个唯一值，示例: ['LC1HNYBJ3R0008441', 'LC1HNYBJ7R0008569', 'LC1HNYBJ5R0008425', 'LC1HNYBJ7R0008443', 'LC1HNYBJ8R0008449', 'LC1HNYBJXR0008436', 'LC1HNYBJ9R0008444', 'LC1HNYBJ0R0008445', 'LC1HNYBJ0R0008431', 'LC1HNYBJ6R0007459']
2026-04-29 15:15:12,545 - src.models.excel_filter - INFO - excel_filter.py:69 - 外部匹配集合加载完成，共 69 个唯一值
2026-04-29 15:15:15,132 - src.models.excel_filter - INFO - excel_filter.py:146 - 已处理: C:/Users/86546/Desktop/新建文件夹/1-31.xlsx -> Sheet: 1
2026-04-29 15:15:17,709 - src.models.excel_filter - INFO - excel_filter.py:146 - 已处理: C:/Users/86546/Desktop/新建文件夹/2.1-2.28.xlsx -> Sheet: 2
2026-04-29 15:15:17,826 - src.models.excel_filter - INFO - excel_filter.py:171 - ExcelWriter 已关闭，文件保存至: C:/Users/86546/Desktop/新建文件夹/测试1-2.xlsx
2026-04-30 09:04:39,073 - ExcelTool - INFO - main.py:18 - 程序启动
2026-04-30 09:17:45,240 - ExcelTool - INFO - main.py:18 - 程序启动
2026-04-30 09:18:25,059 - src.views.tabs.filter_tab - WARNING - filter_tab.py:446 - 第1行条件「月份 等于」未填写值，已自动忽略
2026-04-30 09:18:25,092 - src.models.excel_filter - DEBUG - excel_filter.py:167 - 从 sheet 'Sheet1' 读取到 69 个值
2026-04-30 09:18:25,100 - src.models.excel_filter - WARNING - excel_filter.py:169 - Sheet 'Sheet2' 中缺少列 'VIN码'，已跳过
2026-04-30 09:18:25,108 - src.models.excel_filter - WARNING - excel_filter.py:169 - Sheet 'Sheet3' 中缺少列 'VIN码'，已跳过
2026-04-30 09:18:25,109 - src.models.excel_filter - INFO - excel_filter.py:174 - 匹配集合加载完成，共 69 个唯一值（来源于 3 个Sheet）
2026-04-30 09:18:25,109 - src.models.excel_filter - INFO - excel_filter.py:59 - 外部匹配集合加载完成，共 69 个唯一值
2026-04-30 09:18:37,492 - src.models.excel_filter - INFO - excel_filter.py:99 - 已处理: C:/Users/86546/Desktop/新建文件夹/2025年度总表.xlsx -> 增加 19549 行
2026-04-30 09:18:37,492 - src.models.excel_filter - INFO - excel_filter.py:114 - 合并后共 19549 行数据
2026-04-30 09:18:37,496 - src.models.excel_filter - INFO - excel_filter.py:134 - 按列 '充电VIN' 分组，共 69 个组
2026-04-30 09:18:37,532 - src.models.excel_filter - INFO - excel_filter.py:147 - 写入Sheet: LC1HNYBJ0R0002788，共 445 行
2026-04-30 09:18:37,536 - src.models.excel_filter - INFO - excel_filter.py:147 - 写入Sheet: LC1HNYBJ0R0007456，共 98 行
2026-04-30 09:18:37,545 - src.models.excel_filter - INFO - excel_filter.py:147 - 写入Sheet: LC1HNYBJ0R0008428，共 309 行
2026-04-30 09:18:37,551 - src.models.excel_filter - INFO - excel_filter.py:147 - 写入Sheet: LC1HNYBJ0R0008431，共 155 行
2026-04-30 09:18:37,562 - src.models.excel_filter - INFO - excel_filter.py:147 - 写入Sheet: LC1HNYBJ0R0008445，共 374 行
2026-04-30 09:18:37,571 - src.models.excel_filter - INFO - excel_filter.py:147 - 写入Sheet: LC1HNYBJ0R0008574，共 288 行
2026-04-30 09:18:37,580 - src.models.excel_filter - INFO - excel_filter.py:147 - 写入Sheet: LC1HNYBJ0R0022362，共 328 行
2026-04-30 09:18:37,590 - src.models.excel_filter - INFO - excel_filter.py:147 - 写入Sheet: LC1HNYBJ1R0006154，共 326 行
2026-04-30 09:18:37,599 - src.models.excel_filter - INFO - excel_filter.py:147 - 写入Sheet: LC1HNYBJ1R0008437，共 323 行
2026-04-30 09:18:37,604 - src.models.excel_filter - INFO - excel_filter.py:147 - 写入Sheet: LC1HNYBJ1R0008440，共 165 行
2026-04-30 09:18:37,608 - src.models.excel_filter - INFO - excel_filter.py:147 - 写入Sheet: LC1HNYBJ1R0008454，共 124 行
2026-04-30 09:18:37,618 - src.models.excel_filter - INFO - excel_filter.py:147 - 写入Sheet: LC1HNYBJ1R0008566，共 342 行
2026-04-30 09:18:37,630 - src.models.excel_filter - INFO - excel_filter.py:147 - 写入Sheet: LC1HNYBJ1R0022368，共 406 行
2026-04-30 09:18:37,637 - src.models.excel_filter - INFO - excel_filter.py:147 - 写入Sheet: LC1HNYBJ1R0022371，共 235 行
2026-04-30 09:18:37,650 - src.models.excel_filter - INFO - excel_filter.py:147 - 写入Sheet: LC1HNYBJ2R0002775，共 307 行
2026-04-30 09:18:37,655 - src.models.excel_filter - INFO - excel_filter.py:147 - 写入Sheet: LC1HNYBJ2R0007457，共 134 行
2026-04-30 09:18:37,663 - src.models.excel_filter - INFO - excel_filter.py:147 - 写入Sheet: LC1HNYBJ2R0007460，共 302 行
2026-04-30 09:18:37,674 - src.models.excel_filter - INFO - excel_filter.py:147 - 写入Sheet: LC1HNYBJ2R0008429，共 361 行
2026-04-30 09:18:37,678 - src.models.excel_filter - INFO - excel_filter.py:147 - 写入Sheet: LC1HNYBJ2R0008432，共 118 行
2026-04-30 09:18:37,680 - src.models.excel_filter - INFO - excel_filter.py:147 - 写入Sheet: LC1HNYBJ2R0008446，共 26 行
2026-04-30 09:18:37,689 - src.models.excel_filter - INFO - excel_filter.py:147 - 写入Sheet: LC1HNYBJ2R0008575，共 341 行
2026-04-30 09:18:37,698 - src.models.excel_filter - INFO - excel_filter.py:147 - 写入Sheet: LC1HNYBJ2R0022346，共 285 行
2026-04-30 09:18:37,703 - src.models.excel_filter - INFO - excel_filter.py:147 - 写入Sheet: LC1HNYBJ3R0008438，共 166 行
2026-04-30 09:18:37,712 - src.models.excel_filter - INFO - excel_filter.py:147 - 写入Sheet: LC1HNYBJ3R0008441，共 320 行
2026-04-30 09:18:37,725 - src.models.excel_filter - INFO - excel_filter.py:147 - 写入Sheet: LC1HNYBJ3R0008567，共 341 行
2026-04-30 09:18:37,734 - src.models.excel_filter - INFO - excel_filter.py:147 - 写入Sheet: LC1HNYBJ3R0008570，共 324 行
2026-04-30 09:18:37,746 - src.models.excel_filter - INFO - excel_filter.py:147 - 写入Sheet: LC1HNYBJ3R0009024，共 385 行
2026-04-30 09:18:37,757 - src.models.excel_filter - INFO - excel_filter.py:147 - 写入Sheet: LC1HNYBJ3R0022355，共 316 行
2026-04-30 09:18:37,766 - src.models.excel_filter - INFO - excel_filter.py:147 - 写入Sheet: LC1HNYBJ3R0022372，共 301 行
2026-04-30 09:18:37,773 - src.models.excel_filter - INFO - excel_filter.py:147 - 写入Sheet: LC1HNYBJ4R0007458，共 245 行
2026-04-30 09:18:37,778 - src.models.excel_filter - INFO - excel_filter.py:147 - 写入Sheet: LC1HNYBJ4R0007461，共 127 行
2026-04-30 09:18:37,784 - src.models.excel_filter - INFO - excel_filter.py:147 - 写入Sheet: LC1HNYBJ4R0008433，共 182 行
2026-04-30 09:18:37,789 - src.models.excel_filter - INFO - excel_filter.py:147 - 写入Sheet: LC1HNYBJ4R0008447，共 114 行
2026-04-30 09:18:37,799 - src.models.excel_filter - INFO - excel_filter.py:147 - 写入Sheet: LC1HNYBJ4R0008450，共 350 行
2026-04-30 09:18:37,812 - src.models.excel_filter - INFO - excel_filter.py:147 - 写入Sheet: LC1HNYBJ4R0022378，共 405 行
2026-04-30 09:18:37,822 - src.models.excel_filter - INFO - excel_filter.py:147 - 写入Sheet: LC1HNYBJ5R0004259，共 304 行
2026-04-30 09:18:37,828 - src.models.excel_filter - INFO - excel_filter.py:147 - 写入Sheet: LC1HNYBJ5R0008425，共 164 行
2026-04-30 09:18:37,835 - src.models.excel_filter - INFO - excel_filter.py:147 - 写入Sheet: LC1HNYBJ5R0008439，共 169 行
2026-04-30 09:18:37,859 - src.models.excel_filter - INFO - excel_filter.py:147 - 写入Sheet: LC1HNYBJ5R0008442，共 358 行
2026-04-30 09:18:37,868 - src.models.excel_filter - INFO - excel_filter.py:147 - 写入Sheet: LC1HNYBJ5R0008568，共 302 行
2026-04-30 09:18:37,877 - src.models.excel_filter - INFO - excel_filter.py:147 - 写入Sheet: LC1HNYBJ5R0008571，共 289 行
2026-04-30 09:18:37,883 - src.models.excel_filter - INFO - excel_filter.py:147 - 写入Sheet: LC1HNYBJ6R0007459，共 145 行
2026-04-30 09:18:37,894 - src.models.excel_filter - INFO - excel_filter.py:147 - 写入Sheet: LC1HNYBJ6R0007462，共 375 行
2026-04-30 09:18:37,906 - src.models.excel_filter - INFO - excel_filter.py:147 - 写入Sheet: LC1HNYBJ6R0008434，共 399 行
2026-04-30 09:18:37,915 - src.models.excel_filter - INFO - excel_filter.py:147 - 写入Sheet: LC1HNYBJ6R0008448，共 325 行
2026-04-30 09:18:37,925 - src.models.excel_filter - INFO - excel_filter.py:147 - 写入Sheet: LC1HNYBJ6R0008451，共 298 行
2026-04-30 09:18:37,935 - src.models.excel_filter - INFO - excel_filter.py:147 - 写入Sheet: LC1HNYBJ6R0009034，共 319 行
2026-04-30 09:18:37,945 - src.models.excel_filter - INFO - excel_filter.py:147 - 写入Sheet: LC1HNYBJ7R0007454，共 328 行
2026-04-30 09:18:37,955 - src.models.excel_filter - INFO - excel_filter.py:147 - 写入Sheet: LC1HNYBJ7R0008426，共 306 行
2026-04-30 09:18:37,960 - src.models.excel_filter - INFO - excel_filter.py:147 - 写入Sheet: LC1HNYBJ7R0008443，共 154 行
2026-04-30 09:18:37,970 - src.models.excel_filter - INFO - excel_filter.py:147 - 写入Sheet: LC1HNYBJ7R0008569，共 323 行
2026-04-30 09:18:37,980 - src.models.excel_filter - INFO - excel_filter.py:147 - 写入Sheet: LC1HNYBJ7R0008572，共 349 行
2026-04-30 09:18:37,998 - src.models.excel_filter - INFO - excel_filter.py:147 - 写入Sheet: LC1HNYBJ7R0022357，共 626 行
2026-04-30 09:18:38,010 - src.models.excel_filter - INFO - excel_filter.py:147 - 写入Sheet: LC1HNYBJ7R0022391，共 382 行
2026-04-30 09:18:38,016 - src.models.excel_filter - INFO - excel_filter.py:147 - 写入Sheet: LC1HNYBJ8R0007463，共 161 行
2026-04-30 09:18:38,021 - src.models.excel_filter - INFO - excel_filter.py:147 - 写入Sheet: LC1HNYBJ8R0008435，共 151 行
2026-04-30 09:18:38,028 - src.models.excel_filter - INFO - excel_filter.py:147 - 写入Sheet: LC1HNYBJ8R0008449，共 217 行
2026-04-30 09:18:38,039 - src.models.excel_filter - INFO - excel_filter.py:147 - 写入Sheet: LC1HNYBJ8R0008452，共 352 行
2026-04-30 09:18:38,050 - src.models.excel_filter - INFO - excel_filter.py:147 - 写入Sheet: LC1HNYBJ8R0022366，共 346 行
2026-04-30 09:18:38,060 - src.models.excel_filter - INFO - excel_filter.py:147 - 写入Sheet: LC1HNYBJ9R0007455，共 304 行
2026-04-30 09:18:38,069 - src.models.excel_filter - INFO - excel_filter.py:147 - 写入Sheet: LC1HNYBJ9R0008427，共 284 行
2026-04-30 09:18:38,080 - src.models.excel_filter - INFO - excel_filter.py:147 - 写入Sheet: LC1HNYBJ9R0008430，共 337 行
2026-04-30 09:18:38,090 - src.models.excel_filter - INFO - excel_filter.py:147 - 写入Sheet: LC1HNYBJ9R0008444，共 321 行
2026-04-30 09:18:38,100 - src.models.excel_filter - INFO - excel_filter.py:147 - 写入Sheet: LC1HNYBJ9R0008573，共 333 行
2026-04-30 09:18:38,110 - src.models.excel_filter - INFO - excel_filter.py:147 - 写入Sheet: LC1HNYBJXR0002765，共 315 行
2026-04-30 09:18:38,118 - src.models.excel_filter - INFO - excel_filter.py:147 - 写入Sheet: LC1HNYBJXR0008436，共 254 行
2026-04-30 09:18:38,124 - src.models.excel_filter - INFO - excel_filter.py:147 - 写入Sheet: LC1HNYBJXR0008453，共 159 行
2026-04-30 09:18:38,135 - src.models.excel_filter - INFO - excel_filter.py:147 - 写入Sheet: LC1HNYBJXR0022353，共 385 行
2026-04-30 09:18:38,146 - src.models.excel_filter - INFO - excel_filter.py:147 - 写入Sheet: LC1HNYBJXR0022367，共 347 行
2026-04-30 09:18:39,251 - src.models.excel_filter - INFO - excel_filter.py:149 - 分组导出完成，输出文件: C:/Users/86546/Desktop/新建文件夹/博瑞所有.xlsx
2026-04-30 09:20:48,006 - src.views.tabs.filter_tab - WARNING - filter_tab.py:446 - 第1行条件「月份 等于」未填写值，已自动忽略
2026-04-30 09:20:48,037 - src.models.excel_filter - DEBUG - excel_filter.py:167 - 从 sheet 'Sheet1' 读取到 69 个值
2026-04-30 09:20:48,049 - src.models.excel_filter - WARNING - excel_filter.py:169 - Sheet 'Sheet2' 中缺少列 'VIN码'，已跳过
2026-04-30 09:20:48,057 - src.models.excel_filter - WARNING - excel_filter.py:169 - Sheet 'Sheet3' 中缺少列 'VIN码'，已跳过
2026-04-30 09:20:48,057 - src.models.excel_filter - INFO - excel_filter.py:174 - 匹配集合加载完成，共 69 个唯一值（来源于 3 个Sheet）
2026-04-30 09:20:48,058 - src.models.excel_filter - INFO - excel_filter.py:59 - 外部匹配集合加载完成，共 69 个唯一值
2026-04-30 09:21:00,592 - src.models.excel_filter - INFO - excel_filter.py:99 - 已处理: C:/Users/86546/Desktop/新建文件夹/2025年度总表.xlsx -> 增加 19549 行
2026-04-30 09:21:00,592 - src.models.excel_filter - INFO - excel_filter.py:114 - 合并后共 19549 行数据
2026-04-30 09:21:00,597 - src.models.excel_filter - INFO - excel_filter.py:134 - 按列 '充电站名称' 分组，共 4 个组
2026-04-30 09:21:00,625 - src.models.excel_filter - INFO - excel_filter.py:147 - 写入Sheet: 浙江-湖州-安吉片区-鞍山充电站（站外），共 841 行
2026-04-30 09:21:00,705 - src.models.excel_filter - INFO - excel_filter.py:147 - 写入Sheet: 浙江-湖州-安吉片区-鞍山重卡充电站（站外），共 2991 行
2026-04-30 09:21:00,982 - src.models.excel_filter - INFO - excel_filter.py:147 - 写入Sheet: 浙江-湖州-安吉鞍山重卡充电站，共 9302 行
2026-04-30 09:21:01,149 - src.models.excel_filter - INFO - excel_filter.py:147 - 写入Sheet: 绿能科技——鞍山站，共 6415 行
2026-04-30 09:21:02,190 - src.models.excel_filter - INFO - excel_filter.py:149 - 分组导出完成，输出文件: C:/Users/86546/Desktop/新建文件夹/充电站模式博瑞所有.xlsx
2026-04-30 09:23:27,784 - src.views.tabs.filter_tab - WARNING - filter_tab.py:446 - 第1行条件「月份 等于」未填写值，已自动忽略
2026-04-30 09:23:27,812 - src.models.excel_filter - DEBUG - excel_filter.py:167 - 从 sheet 'Sheet1' 读取到 69 个值
2026-04-30 09:23:27,820 - src.models.excel_filter - WARNING - excel_filter.py:169 - Sheet 'Sheet2' 中缺少列 'VIN码'，已跳过
2026-04-30 09:23:27,827 - src.models.excel_filter - WARNING - excel_filter.py:169 - Sheet 'Sheet3' 中缺少列 'VIN码'，已跳过
2026-04-30 09:23:27,828 - src.models.excel_filter - INFO - excel_filter.py:174 - 匹配集合加载完成，共 69 个唯一值（来源于 3 个Sheet）
2026-04-30 09:23:27,828 - src.models.excel_filter - INFO - excel_filter.py:59 - 外部匹配集合加载完成，共 69 个唯一值
2026-04-30 09:23:29,200 - src.models.excel_filter - INFO - excel_filter.py:99 - 已处理: C:/Users/86546/Desktop/新建文件夹/1-31.xlsx -> 增加 515 行
2026-04-30 09:23:30,493 - src.models.excel_filter - INFO - excel_filter.py:99 - 已处理: C:/Users/86546/Desktop/新建文件夹/2.1-2.28.xlsx -> 增加 381 行
2026-04-30 09:23:32,282 - src.models.excel_filter - INFO - excel_filter.py:99 - 已处理: C:/Users/86546/Desktop/新建文件夹/3.1-3.31.xlsx -> 增加 1550 行
2026-04-30 09:23:34,566 - src.models.excel_filter - INFO - excel_filter.py:99 - 已处理: C:/Users/86546/Desktop/新建文件夹/4.1-4.30.xlsx -> 增加 1627 行
2026-04-30 09:23:37,094 - src.models.excel_filter - INFO - excel_filter.py:99 - 已处理: C:/Users/86546/Desktop/新建文件夹/5.1-5.31.xlsx -> 增加 2255 行
2026-04-30 09:23:37,320 - src.models.excel_filter - INFO - excel_filter.py:99 - 已处理: C:/Users/86546/Desktop/新建文件夹/6.1-6.3.xlsx -> 增加 87 行
2026-04-30 09:23:37,750 - src.models.excel_filter - INFO - excel_filter.py:99 - 已处理: C:/Users/86546/Desktop/新建文件夹/鞍山6.3-6.30.xlsx -> 增加 1486 行
2026-04-30 09:23:38,256 - src.models.excel_filter - INFO - excel_filter.py:99 - 已处理: C:/Users/86546/Desktop/新建文件夹/鞍山7月.xlsx -> 增加 1958 行
2026-04-30 09:23:38,761 - src.models.excel_filter - INFO - excel_filter.py:99 - 已处理: C:/Users/86546/Desktop/新建文件夹/鞍山8月.xlsx -> 增加 1689 行
2026-04-30 09:23:39,286 - src.models.excel_filter - INFO - excel_filter.py:99 - 已处理: C:/Users/86546/Desktop/新建文件夹/鞍山9月.xlsx -> 增加 2200 行
2026-04-30 09:23:39,788 - src.models.excel_filter - INFO - excel_filter.py:99 - 已处理: C:/Users/86546/Desktop/新建文件夹/鞍山10月.xlsx -> 增加 1999 行
2026-04-30 09:23:40,384 - src.models.excel_filter - INFO - excel_filter.py:99 - 已处理: C:/Users/86546/Desktop/新建文件夹/鞍山11月.xlsx -> 增加 2316 行
2026-04-30 09:23:41,010 - src.models.excel_filter - INFO - excel_filter.py:99 - 已处理: C:/Users/86546/Desktop/新建文件夹/鞍山12月.xlsx -> 增加 1486 行
2026-04-30 09:23:41,014 - src.models.excel_filter - INFO - excel_filter.py:114 - 合并后共 19549 行数据
2026-04-30 09:23:41,016 - src.models.excel_filter - INFO - excel_filter.py:134 - 按列 '充电VIN' 分组，共 69 个组
2026-04-30 09:23:41,033 - src.models.excel_filter - INFO - excel_filter.py:147 - 写入Sheet: LC1HNYBJ0R0002788，共 445 行
2026-04-30 09:23:41,039 - src.models.excel_filter - INFO - excel_filter.py:147 - 写入Sheet: LC1HNYBJ0R0007456，共 98 行
2026-04-30 09:23:41,065 - src.models.excel_filter - INFO - excel_filter.py:147 - 写入Sheet: LC1HNYBJ0R0008428，共 309 行
2026-04-30 09:23:41,084 - src.models.excel_filter - INFO - excel_filter.py:147 - 写入Sheet: LC1HNYBJ0R0008431，共 155 行
2026-04-30 09:23:41,095 - src.models.excel_filter - INFO - excel_filter.py:147 - 写入Sheet: LC1HNYBJ0R0008445，共 374 行
2026-04-30 09:23:41,106 - src.models.excel_filter - INFO - excel_filter.py:147 - 写入Sheet: LC1HNYBJ0R0008574，共 288 行
2026-04-30 09:23:41,123 - src.models.excel_filter - INFO - excel_filter.py:147 - 写入Sheet: LC1HNYBJ0R0022362，共 328 行
2026-04-30 09:23:41,134 - src.models.excel_filter - INFO - excel_filter.py:147 - 写入Sheet: LC1HNYBJ1R0006154，共 326 行
2026-04-30 09:23:41,144 - src.models.excel_filter - INFO - excel_filter.py:147 - 写入Sheet: LC1HNYBJ1R0008437，共 323 行
2026-04-30 09:23:41,149 - src.models.excel_filter - INFO - excel_filter.py:147 - 写入Sheet: LC1HNYBJ1R0008440，共 165 行
2026-04-30 09:23:41,155 - src.models.excel_filter - INFO - excel_filter.py:147 - 写入Sheet: LC1HNYBJ1R0008454，共 124 行
2026-04-30 09:23:41,173 - src.models.excel_filter - INFO - excel_filter.py:147 - 写入Sheet: LC1HNYBJ1R0008566，共 342 行
2026-04-30 09:23:41,189 - src.models.excel_filter - INFO - excel_filter.py:147 - 写入Sheet: LC1HNYBJ1R0022368，共 406 行
2026-04-30 09:23:41,196 - src.models.excel_filter - INFO - excel_filter.py:147 - 写入Sheet: LC1HNYBJ1R0022371，共 235 行
2026-04-30 09:23:41,206 - src.models.excel_filter - INFO - excel_filter.py:147 - 写入Sheet: LC1HNYBJ2R0002775，共 307 行
2026-04-30 09:23:41,214 - src.models.excel_filter - INFO - excel_filter.py:147 - 写入Sheet: LC1HNYBJ2R0007457，共 134 行
2026-04-30 09:23:41,225 - src.models.excel_filter - INFO - excel_filter.py:147 - 写入Sheet: LC1HNYBJ2R0007460，共 302 行
2026-04-30 09:23:41,236 - src.models.excel_filter - INFO - excel_filter.py:147 - 写入Sheet: LC1HNYBJ2R0008429，共 361 行
2026-04-30 09:23:41,240 - src.models.excel_filter - INFO - excel_filter.py:147 - 写入Sheet: LC1HNYBJ2R0008432，共 118 行
2026-04-30 09:23:41,243 - src.models.excel_filter - INFO - excel_filter.py:147 - 写入Sheet: LC1HNYBJ2R0008446，共 26 行
2026-04-30 09:23:41,255 - src.models.excel_filter - INFO - excel_filter.py:147 - 写入Sheet: LC1HNYBJ2R0008575，共 341 行
2026-04-30 09:23:41,263 - src.models.excel_filter - INFO - excel_filter.py:147 - 写入Sheet: LC1HNYBJ2R0022346，共 285 行
2026-04-30 09:23:41,269 - src.models.excel_filter - INFO - excel_filter.py:147 - 写入Sheet: LC1HNYBJ3R0008438，共 166 行
2026-04-30 09:23:41,278 - src.models.excel_filter - INFO - excel_filter.py:147 - 写入Sheet: LC1HNYBJ3R0008441，共 320 行
2026-04-30 09:23:41,288 - src.models.excel_filter - INFO - excel_filter.py:147 - 写入Sheet: LC1HNYBJ3R0008567，共 341 行
2026-04-30 09:23:41,303 - src.models.excel_filter - INFO - excel_filter.py:147 - 写入Sheet: LC1HNYBJ3R0008570，共 324 行
2026-04-30 09:23:41,315 - src.models.excel_filter - INFO - excel_filter.py:147 - 写入Sheet: LC1HNYBJ3R0009024，共 385 行
2026-04-30 09:23:41,324 - src.models.excel_filter - INFO - excel_filter.py:147 - 写入Sheet: LC1HNYBJ3R0022355，共 316 行
2026-04-30 09:23:41,333 - src.models.excel_filter - INFO - excel_filter.py:147 - 写入Sheet: LC1HNYBJ3R0022372，共 301 行
2026-04-30 09:23:41,344 - src.models.excel_filter - INFO - excel_filter.py:147 - 写入Sheet: LC1HNYBJ4R0007458，共 245 行
2026-04-30 09:23:41,354 - src.models.excel_filter - INFO - excel_filter.py:147 - 写入Sheet: LC1HNYBJ4R0007461，共 127 行
2026-04-30 09:23:41,360 - src.models.excel_filter - INFO - excel_filter.py:147 - 写入Sheet: LC1HNYBJ4R0008433，共 182 行
2026-04-30 09:23:41,365 - src.models.excel_filter - INFO - excel_filter.py:147 - 写入Sheet: LC1HNYBJ4R0008447，共 114 行
2026-04-30 09:23:41,376 - src.models.excel_filter - INFO - excel_filter.py:147 - 写入Sheet: LC1HNYBJ4R0008450，共 350 行
2026-04-30 09:23:41,405 - src.models.excel_filter - INFO - excel_filter.py:147 - 写入Sheet: LC1HNYBJ4R0022378，共 405 行
2026-04-30 09:23:41,414 - src.models.excel_filter - INFO - excel_filter.py:147 - 写入Sheet: LC1HNYBJ5R0004259，共 304 行
2026-04-30 09:23:41,420 - src.models.excel_filter - INFO - excel_filter.py:147 - 写入Sheet: LC1HNYBJ5R0008425，共 164 行
2026-04-30 09:23:41,426 - src.models.excel_filter - INFO - excel_filter.py:147 - 写入Sheet: LC1HNYBJ5R0008439，共 169 行
2026-04-30 09:23:41,437 - src.models.excel_filter - INFO - excel_filter.py:147 - 写入Sheet: LC1HNYBJ5R0008442，共 358 行
2026-04-30 09:23:41,447 - src.models.excel_filter - INFO - excel_filter.py:147 - 写入Sheet: LC1HNYBJ5R0008568，共 302 行
2026-04-30 09:23:41,456 - src.models.excel_filter - INFO - excel_filter.py:147 - 写入Sheet: LC1HNYBJ5R0008571，共 289 行
2026-04-30 09:23:41,462 - src.models.excel_filter - INFO - excel_filter.py:147 - 写入Sheet: LC1HNYBJ6R0007459，共 145 行
2026-04-30 09:23:41,473 - src.models.excel_filter - INFO - excel_filter.py:147 - 写入Sheet: LC1HNYBJ6R0007462，共 375 行
2026-04-30 09:23:41,485 - src.models.excel_filter - INFO - excel_filter.py:147 - 写入Sheet: LC1HNYBJ6R0008434，共 399 行
2026-04-30 09:23:41,495 - src.models.excel_filter - INFO - excel_filter.py:147 - 写入Sheet: LC1HNYBJ6R0008448，共 325 行
2026-04-30 09:23:41,515 - src.models.excel_filter - INFO - excel_filter.py:147 - 写入Sheet: LC1HNYBJ6R0008451，共 298 行
2026-04-30 09:23:41,525 - src.models.excel_filter - INFO - excel_filter.py:147 - 写入Sheet: LC1HNYBJ6R0009034，共 319 行
2026-04-30 09:23:41,536 - src.models.excel_filter - INFO - excel_filter.py:147 - 写入Sheet: LC1HNYBJ7R0007454，共 328 行
2026-04-30 09:23:41,545 - src.models.excel_filter - INFO - excel_filter.py:147 - 写入Sheet: LC1HNYBJ7R0008426，共 306 行
2026-04-30 09:23:41,550 - src.models.excel_filter - INFO - excel_filter.py:147 - 写入Sheet: LC1HNYBJ7R0008443，共 154 行
2026-04-30 09:23:41,565 - src.models.excel_filter - INFO - excel_filter.py:147 - 写入Sheet: LC1HNYBJ7R0008569，共 323 行
2026-04-30 09:23:41,576 - src.models.excel_filter - INFO - excel_filter.py:147 - 写入Sheet: LC1HNYBJ7R0008572，共 349 行
2026-04-30 09:23:41,596 - src.models.excel_filter - INFO - excel_filter.py:147 - 写入Sheet: LC1HNYBJ7R0022357，共 626 行
2026-04-30 09:23:41,607 - src.models.excel_filter - INFO - excel_filter.py:147 - 写入Sheet: LC1HNYBJ7R0022391，共 382 行
2026-04-30 09:23:41,615 - src.models.excel_filter - INFO - excel_filter.py:147 - 写入Sheet: LC1HNYBJ8R0007463，共 161 行
2026-04-30 09:23:41,620 - src.models.excel_filter - INFO - excel_filter.py:147 - 写入Sheet: LC1HNYBJ8R0008435，共 151 行
2026-04-30 09:23:41,635 - src.models.excel_filter - INFO - excel_filter.py:147 - 写入Sheet: LC1HNYBJ8R0008449，共 217 行
2026-04-30 09:23:41,647 - src.models.excel_filter - INFO - excel_filter.py:147 - 写入Sheet: LC1HNYBJ8R0008452，共 352 行
2026-04-30 09:23:41,657 - src.models.excel_filter - INFO - excel_filter.py:147 - 写入Sheet: LC1HNYBJ8R0022366，共 346 行
2026-04-30 09:23:41,666 - src.models.excel_filter - INFO - excel_filter.py:147 - 写入Sheet: LC1HNYBJ9R0007455，共 304 行
2026-04-30 09:23:41,681 - src.models.excel_filter - INFO - excel_filter.py:147 - 写入Sheet: LC1HNYBJ9R0008427，共 284 行
2026-04-30 09:23:41,692 - src.models.excel_filter - INFO - excel_filter.py:147 - 写入Sheet: LC1HNYBJ9R0008430，共 337 行
2026-04-30 09:23:41,701 - src.models.excel_filter - INFO - excel_filter.py:147 - 写入Sheet: LC1HNYBJ9R0008444，共 321 行
2026-04-30 09:23:41,712 - src.models.excel_filter - INFO - excel_filter.py:147 - 写入Sheet: LC1HNYBJ9R0008573，共 333 行
2026-04-30 09:23:41,728 - src.models.excel_filter - INFO - excel_filter.py:147 - 写入Sheet: LC1HNYBJXR0002765，共 315 行
2026-04-30 09:23:41,736 - src.models.excel_filter - INFO - excel_filter.py:147 - 写入Sheet: LC1HNYBJXR0008436，共 254 行
2026-04-30 09:23:41,742 - src.models.excel_filter - INFO - excel_filter.py:147 - 写入Sheet: LC1HNYBJXR0008453，共 159 行
2026-04-30 09:23:41,755 - src.models.excel_filter - INFO - excel_filter.py:147 - 写入Sheet: LC1HNYBJXR0022353，共 385 行
2026-04-30 09:23:41,766 - src.models.excel_filter - INFO - excel_filter.py:147 - 写入Sheet: LC1HNYBJXR0022367，共 347 行
2026-04-30 09:23:42,894 - src.models.excel_filter - INFO - excel_filter.py:149 - 分组导出完成，输出文件: C:/Users/86546/Desktop/新建文件夹/博瑞12个表格归类.xlsx
2026-04-30 09:51:10,821 - ExcelTool - INFO - main.py:18 - 程序启动
2026-04-30 09:51:24,572 - ExcelTool - INFO - main.py:18 - 程序启动
2026-04-30 09:52:04,744 - src.models.excel_filter - DEBUG - excel_filter.py:167 - 从 sheet 'Sheet1' 读取到 69 个值
2026-04-30 09:52:04,752 - src.models.excel_filter - WARNING - excel_filter.py:169 - Sheet 'Sheet2' 中缺少列 'VIN码'，已跳过
2026-04-30 09:52:04,759 - src.models.excel_filter - WARNING - excel_filter.py:169 - Sheet 'Sheet3' 中缺少列 'VIN码'，已跳过
2026-04-30 09:52:04,759 - src.models.excel_filter - INFO - excel_filter.py:174 - 匹配集合加载完成，共 69 个唯一值（来源于 3 个Sheet）
2026-04-30 09:52:04,760 - src.models.excel_filter - INFO - excel_filter.py:59 - 外部匹配集合加载完成，共 69 个唯一值
2026-04-30 09:52:06,072 - src.models.excel_filter - INFO - excel_filter.py:99 - 已处理: C:/Users/86546/Desktop/新建文件夹/1-31.xlsx -> 增加 515 行
2026-04-30 09:52:07,313 - src.models.excel_filter - INFO - excel_filter.py:99 - 已处理: C:/Users/86546/Desktop/新建文件夹/2.1-2.28.xlsx -> 增加 381 行
2026-04-30 09:52:09,073 - src.models.excel_filter - INFO - excel_filter.py:99 - 已处理: C:/Users/86546/Desktop/新建文件夹/3.1-3.31.xlsx -> 增加 1550 行
2026-04-30 09:52:11,286 - src.models.excel_filter - INFO - excel_filter.py:99 - 已处理: C:/Users/86546/Desktop/新建文件夹/4.1-4.30.xlsx -> 增加 1627 行
2026-04-30 09:52:13,787 - src.models.excel_filter - INFO - excel_filter.py:99 - 已处理: C:/Users/86546/Desktop/新建文件夹/5.1-5.31.xlsx -> 增加 2255 行
2026-04-30 09:52:14,010 - src.models.excel_filter - INFO - excel_filter.py:99 - 已处理: C:/Users/86546/Desktop/新建文件夹/6.1-6.3.xlsx -> 增加 87 行
2026-04-30 09:52:14,422 - src.models.excel_filter - INFO - excel_filter.py:99 - 已处理: C:/Users/86546/Desktop/新建文件夹/鞍山6.3-6.30.xlsx -> 增加 1486 行
2026-04-30 09:52:14,918 - src.models.excel_filter - INFO - excel_filter.py:99 - 已处理: C:/Users/86546/Desktop/新建文件夹/鞍山7月.xlsx -> 增加 1958 行
2026-04-30 09:52:15,398 - src.models.excel_filter - INFO - excel_filter.py:99 - 已处理: C:/Users/86546/Desktop/新建文件夹/鞍山8月.xlsx -> 增加 1689 行
2026-04-30 09:52:15,400 - src.models.excel_filter - INFO - excel_filter.py:114 - 合并后共 11548 行数据
2026-04-30 09:52:15,401 - src.models.excel_filter - INFO - excel_filter.py:134 - 按列 '充电VIN' 分组，共 69 个组
2026-04-30 09:52:15,415 - src.models.excel_filter - INFO - excel_filter.py:147 - 写入Sheet: LC1HNYBJ0R0002788，共 356 行
2026-04-30 09:52:15,417 - src.models.excel_filter - INFO - excel_filter.py:147 - 写入Sheet: LC1HNYBJ0R0007456，共 13 行
2026-04-30 09:52:15,422 - src.models.excel_filter - INFO - excel_filter.py:147 - 写入Sheet: LC1HNYBJ0R0008428，共 158 行
2026-04-30 09:52:15,423 - src.models.excel_filter - INFO - excel_filter.py:147 - 写入Sheet: LC1HNYBJ0R0008431，共 14 行
2026-04-30 09:52:15,429 - src.models.excel_filter - INFO - excel_filter.py:147 - 写入Sheet: LC1HNYBJ0R0008445，共 182 行
2026-04-30 09:52:15,433 - src.models.excel_filter - INFO - excel_filter.py:147 - 写入Sheet: LC1HNYBJ0R0008574，共 144 行
2026-04-30 09:52:15,441 - src.models.excel_filter - INFO - excel_filter.py:147 - 写入Sheet: LC1HNYBJ0R0022362，共 265 行
2026-04-30 09:52:15,450 - src.models.excel_filter - INFO - excel_filter.py:147 - 写入Sheet: LC1HNYBJ1R0006154，共 279 行
2026-04-30 09:52:15,455 - src.models.excel_filter - INFO - excel_filter.py:147 - 写入Sheet: LC1HNYBJ1R0008437，共 155 行
2026-04-30 09:52:15,457 - src.models.excel_filter - INFO - excel_filter.py:147 - 写入Sheet: LC1HNYBJ1R0008440，共 42 行
2026-04-30 09:52:15,458 - src.models.excel_filter - INFO - excel_filter.py:147 - 写入Sheet: LC1HNYBJ1R0008454，共 28 行
2026-04-30 09:52:15,464 - src.models.excel_filter - INFO - excel_filter.py:147 - 写入Sheet: LC1HNYBJ1R0008566，共 152 行
2026-04-30 09:52:15,474 - src.models.excel_filter - INFO - excel_filter.py:147 - 写入Sheet: LC1HNYBJ1R0022368，共 344 行
2026-04-30 09:52:15,480 - src.models.excel_filter - INFO - excel_filter.py:147 - 写入Sheet: LC1HNYBJ1R0022371，共 202 行
2026-04-30 09:52:15,488 - src.models.excel_filter - INFO - excel_filter.py:147 - 写入Sheet: LC1HNYBJ2R0002775，共 259 行
2026-04-30 09:52:15,489 - src.models.excel_filter - INFO - excel_filter.py:147 - 写入Sheet: LC1HNYBJ2R0007457，共 30 行
2026-04-30 09:52:15,495 - src.models.excel_filter - INFO - excel_filter.py:147 - 写入Sheet: LC1HNYBJ2R0007460，共 185 行
2026-04-30 09:52:15,501 - src.models.excel_filter - INFO - excel_filter.py:147 - 写入Sheet: LC1HNYBJ2R0008429，共 186 行
2026-04-30 09:52:15,503 - src.models.excel_filter - INFO - excel_filter.py:147 - 写入Sheet: LC1HNYBJ2R0008432，共 22 行
2026-04-30 09:52:15,504 - src.models.excel_filter - INFO - excel_filter.py:147 - 写入Sheet: LC1HNYBJ2R0008446，共 26 行
2026-04-30 09:52:15,510 - src.models.excel_filter - INFO - excel_filter.py:147 - 写入Sheet: LC1HNYBJ2R0008575，共 175 行
2026-04-30 09:52:15,521 - src.models.excel_filter - INFO - excel_filter.py:147 - 写入Sheet: LC1HNYBJ2R0022346，共 228 行
2026-04-30 09:52:15,524 - src.models.excel_filter - INFO - excel_filter.py:147 - 写入Sheet: LC1HNYBJ3R0008438，共 71 行
2026-04-30 09:52:15,529 - src.models.excel_filter - INFO - excel_filter.py:147 - 写入Sheet: LC1HNYBJ3R0008441，共 162 行
2026-04-30 09:52:15,534 - src.models.excel_filter - INFO - excel_filter.py:147 - 写入Sheet: LC1HNYBJ3R0008567，共 154 行
2026-04-30 09:52:15,540 - src.models.excel_filter - INFO - excel_filter.py:147 - 写入Sheet: LC1HNYBJ3R0008570，共 167 行
2026-04-30 09:52:15,550 - src.models.excel_filter - INFO - excel_filter.py:147 - 写入Sheet: LC1HNYBJ3R0009024，共 331 行
2026-04-30 09:52:15,558 - src.models.excel_filter - INFO - excel_filter.py:147 - 写入Sheet: LC1HNYBJ3R0022355，共 269 行
2026-04-30 09:52:15,565 - src.models.excel_filter - INFO - excel_filter.py:147 - 写入Sheet: LC1HNYBJ3R0022372，共 243 行
2026-04-30 09:52:15,570 - src.models.excel_filter - INFO - excel_filter.py:147 - 写入Sheet: LC1HNYBJ4R0007458，共 144 行
2026-04-30 09:52:15,572 - src.models.excel_filter - INFO - excel_filter.py:147 - 写入Sheet: LC1HNYBJ4R0007461，共 45 行
2026-04-30 09:52:15,575 - src.models.excel_filter - INFO - excel_filter.py:147 - 写入Sheet: LC1HNYBJ4R0008433，共 59 行
2026-04-30 09:52:15,577 - src.models.excel_filter - INFO - excel_filter.py:147 - 写入Sheet: LC1HNYBJ4R0008447，共 29 行
2026-04-30 09:52:15,581 - src.models.excel_filter - INFO - excel_filter.py:147 - 写入Sheet: LC1HNYBJ4R0008450，共 107 行
2026-04-30 09:52:15,592 - src.models.excel_filter - INFO - excel_filter.py:147 - 写入Sheet: LC1HNYBJ4R0022378，共 339 行
2026-04-30 09:52:15,600 - src.models.excel_filter - INFO - excel_filter.py:147 - 写入Sheet: LC1HNYBJ5R0004259，共 245 行
2026-04-30 09:52:15,603 - src.models.excel_filter - INFO - excel_filter.py:147 - 写入Sheet: LC1HNYBJ5R0008425，共 66 行
2026-04-30 09:52:15,607 - src.models.excel_filter - INFO - excel_filter.py:147 - 写入Sheet: LC1HNYBJ5R0008439，共 93 行
2026-04-30 09:52:15,613 - src.models.excel_filter - INFO - excel_filter.py:147 - 写入Sheet: LC1HNYBJ5R0008442，共 180 行
2026-04-30 09:52:15,618 - src.models.excel_filter - INFO - excel_filter.py:147 - 写入Sheet: LC1HNYBJ5R0008568，共 167 行
2026-04-30 09:52:15,624 - src.models.excel_filter - INFO - excel_filter.py:147 - 写入Sheet: LC1HNYBJ5R0008571，共 149 行
2026-04-30 09:52:15,627 - src.models.excel_filter - INFO - excel_filter.py:147 - 写入Sheet: LC1HNYBJ6R0007459，共 50 行
2026-04-30 09:52:15,634 - src.models.excel_filter - INFO - excel_filter.py:147 - 写入Sheet: LC1HNYBJ6R0007462，共 199 行
2026-04-30 09:52:15,641 - src.models.excel_filter - INFO - excel_filter.py:147 - 写入Sheet: LC1HNYBJ6R0008434，共 223 行
2026-04-30 09:52:15,647 - src.models.excel_filter - INFO - excel_filter.py:147 - 写入Sheet: LC1HNYBJ6R0008448，共 192 行
2026-04-30 09:52:15,652 - src.models.excel_filter - INFO - excel_filter.py:147 - 写入Sheet: LC1HNYBJ6R0008451，共 133 行
2026-04-30 09:52:15,661 - src.models.excel_filter - INFO - excel_filter.py:147 - 写入Sheet: LC1HNYBJ6R0009034，共 282 行
2026-04-30 09:52:15,666 - src.models.excel_filter - INFO - excel_filter.py:147 - 写入Sheet: LC1HNYBJ7R0007454，共 143 行
2026-04-30 09:52:15,671 - src.models.excel_filter - INFO - excel_filter.py:147 - 写入Sheet: LC1HNYBJ7R0008426，共 126 行
2026-04-30 09:52:15,674 - src.models.excel_filter - INFO - excel_filter.py:147 - 写入Sheet: LC1HNYBJ7R0008443，共 57 行
2026-04-30 09:52:15,680 - src.models.excel_filter - INFO - excel_filter.py:147 - 写入Sheet: LC1HNYBJ7R0008569，共 152 行
2026-04-30 09:52:15,686 - src.models.excel_filter - INFO - excel_filter.py:147 - 写入Sheet: LC1HNYBJ7R0008572，共 172 行
2026-04-30 09:52:15,702 - src.models.excel_filter - INFO - excel_filter.py:147 - 写入Sheet: LC1HNYBJ7R0022357，共 510 行
2026-04-30 09:52:15,713 - src.models.excel_filter - INFO - excel_filter.py:147 - 写入Sheet: LC1HNYBJ7R0022391，共 319 行
2026-04-30 09:52:15,728 - src.models.excel_filter - INFO - excel_filter.py:147 - 写入Sheet: LC1HNYBJ8R0007463，共 62 行
2026-04-30 09:52:15,731 - src.models.excel_filter - INFO - excel_filter.py:147 - 写入Sheet: LC1HNYBJ8R0008435，共 64 行
2026-04-30 09:52:15,736 - src.models.excel_filter - INFO - excel_filter.py:147 - 写入Sheet: LC1HNYBJ8R0008449，共 127 行
2026-04-30 09:52:15,742 - src.models.excel_filter - INFO - excel_filter.py:147 - 写入Sheet: LC1HNYBJ8R0008452，共 178 行
2026-04-30 09:52:15,751 - src.models.excel_filter - INFO - excel_filter.py:147 - 写入Sheet: LC1HNYBJ8R0022366，共 290 行
2026-04-30 09:52:15,758 - src.models.excel_filter - INFO - excel_filter.py:147 - 写入Sheet: LC1HNYBJ9R0007455，共 183 行
2026-04-30 09:52:15,763 - src.models.excel_filter - INFO - excel_filter.py:147 - 写入Sheet: LC1HNYBJ9R0008427，共 139 行
2026-04-30 09:52:15,769 - src.models.excel_filter - INFO - excel_filter.py:147 - 写入Sheet: LC1HNYBJ9R0008430，共 160 行
2026-04-30 09:52:15,774 - src.models.excel_filter - INFO - excel_filter.py:147 - 写入Sheet: LC1HNYBJ9R0008444，共 155 行
2026-04-30 09:52:15,780 - src.models.excel_filter - INFO - excel_filter.py:147 - 写入Sheet: LC1HNYBJ9R0008573，共 164 行
2026-04-30 09:52:15,789 - src.models.excel_filter - INFO - excel_filter.py:147 - 写入Sheet: LC1HNYBJXR0002765，共 262 行
2026-04-30 09:52:15,792 - src.models.excel_filter - INFO - excel_filter.py:147 - 写入Sheet: LC1HNYBJXR0008436，共 62 行
2026-04-30 09:52:15,794 - src.models.excel_filter - INFO - excel_filter.py:147 - 写入Sheet: LC1HNYBJXR0008453，共 43 行
2026-04-30 09:52:15,804 - src.models.excel_filter - INFO - excel_filter.py:147 - 写入Sheet: LC1HNYBJXR0022353，共 326 行
2026-04-30 09:52:15,815 - src.models.excel_filter - INFO - excel_filter.py:147 - 写入Sheet: LC1HNYBJXR0022367，共 310 行
2026-04-30 09:52:16,469 - src.models.excel_filter - INFO - excel_filter.py:149 - 分组导出完成，输出文件: C:\Users\86546\Desktop\筛选汇总_20260430_095204.xlsx
2026-04-30 09:53:02,543 - ExcelTool - INFO - main.py:18 - 程序启动
2026-04-30 09:58:04,146 - ExcelTool - INFO - main.py:18 - 程序启动
2026-04-30 10:03:13,826 - ExcelTool - INFO - main.py:18 - 程序启动
2026-04-30 10:07:15,010 - ExcelTool - INFO - main.py:18 - 程序启动
2026-04-30 10:10:47,915 - ExcelTool - INFO - main.py:18 - 程序启动
2026-04-30 10:12:00,177 - ExcelTool - INFO - main.py:18 - 程序启动
2026-04-30 10:18:15,723 - ExcelTool - INFO - main.py:18 - 程序启动
2026-04-30 10:21:28,465 - ExcelTool - INFO - main.py:18 - 程序启动
